-- Adminer 5.3.0 MySQL 8.0.42 dump

SET NAMES utf8;
SET time_zone = '+00:00';
SET foreign_key_checks = 0;
SET sql_mode = 'NO_AUTO_VALUE_ON_ZERO';

SET NAMES utf8mb4;

DROP TABLE IF EXISTS `blacklisted_tokens`;
CREATE TABLE `blacklisted_tokens` (
  `id` int NOT NULL AUTO_INCREMENT,
  `user_id` int DEFAULT NULL,
  `token` varchar(255) NOT NULL,
  `expiry_date` datetime NOT NULL,
  `created_at` datetime DEFAULT CURRENT_TIMESTAMP,
  `updated_at` datetime DEFAULT CURRENT_TIMESTAMP ON UPDATE CURRENT_TIMESTAMP,
  PRIMARY KEY (`id`),
  UNIQUE KEY `token` (`token`),
  KEY `fk_blacklisted_user` (`user_id`),
  CONSTRAINT `fk_blacklisted_user` FOREIGN KEY (`user_id`) REFERENCES `users` (`user_id`) ON DELETE CASCADE ON UPDATE RESTRICT
) ENGINE=InnoDB DEFAULT CHARSET=utf8mb4 COLLATE=utf8mb4_0900_ai_ci;


DROP TABLE IF EXISTS `blog`;
CREATE TABLE `blog` (
  `id` bigint NOT NULL AUTO_INCREMENT,
  `title` varchar(255) DEFAULT NULL,
  `slug` varchar(255) DEFAULT NULL,
  `category` varchar(100) CHARACTER SET utf8mb4 COLLATE utf8mb4_0900_ai_ci DEFAULT NULL,
  `content` longtext CHARACTER SET utf8mb4 COLLATE utf8mb4_0900_ai_ci,
  `created_at` datetime DEFAULT NULL,
  `updated_at` datetime DEFAULT NULL,
  `thumbnail_url` varchar(255) DEFAULT NULL,
  `user_id` int DEFAULT NULL,
  `image_path` varchar(255) DEFAULT NULL,
  PRIMARY KEY (`id`),
  UNIQUE KEY `slug` (`slug`),
  KEY `user_id` (`user_id`),
  CONSTRAINT `blog_ibfk_1` FOREIGN KEY (`user_id`) REFERENCES `users` (`user_id`)
) ENGINE=InnoDB DEFAULT CHARSET=utf8mb4 COLLATE=utf8mb4_0900_ai_ci;

INSERT INTO `blog` (`id`, `title`, `slug`, `category`, `content`, `created_at`, `updated_at`, `thumbnail_url`, `user_id`, `image_path`) VALUES
(20,	'123',	'123',	'123',	'123',	'2025-07-01 14:44:53',	'2025-07-01 14:44:53',	NULL,	54,	'anh.jpg');

DROP TABLE IF EXISTS `class`;
CREATE TABLE `class` (
  `class_id` int NOT NULL AUTO_INCREMENT,
  `teacher_name` varchar(100) DEFAULT NULL,
  `class_name` varchar(20) DEFAULT NULL,
  `quantity` int DEFAULT NULL,
  PRIMARY KEY (`class_id`)
) ENGINE=InnoDB DEFAULT CHARSET=utf8mb4 COLLATE=utf8mb4_0900_ai_ci;

INSERT INTO `class` (`class_id`, `teacher_name`, `class_name`, `quantity`) VALUES
(1,	'Nguyen Van A',	'1A',	30),
(2,	'Tran Thi B',	'2B',	28),
(3,	'Le Van C',	'3C',	35),
(4,	'Nguyễn Văn A',	'4A',	40),
(5,	'Trần Thị B',	'4B',	40),
(6,	'Lê Văn C',	'4C',	40);

DROP TABLE IF EXISTS `feedback`;
CREATE TABLE `feedback` (
  `feedback_id` int NOT NULL AUTO_INCREMENT,
  `satisfaction` varchar(20) DEFAULT NULL,
  `comment` varchar(255) DEFAULT NULL,
  `created_at` datetime DEFAULT NULL,
  `parent_id` int DEFAULT NULL,
  `nurse_id` int DEFAULT NULL,
  `vaccine_result_id` int DEFAULT NULL,
  `health_result_id` int DEFAULT NULL,
  `response_nurse` text,
  `status` varchar(20) DEFAULT 'NOT_REPLIED',
  PRIMARY KEY (`feedback_id`),
  KEY `parent_id` (`parent_id`),
  KEY `nurse_id` (`nurse_id`),
  KEY `vaccine_result_id` (`vaccine_result_id`),
  KEY `health_result_id` (`health_result_id`),
  CONSTRAINT `feedback_ibfk_1` FOREIGN KEY (`parent_id`) REFERENCES `users` (`user_id`) ON DELETE CASCADE,
  CONSTRAINT `feedback_ibfk_2` FOREIGN KEY (`nurse_id`) REFERENCES `users` (`user_id`) ON DELETE CASCADE,
  CONSTRAINT `feedback_ibfk_3` FOREIGN KEY (`vaccine_result_id`) REFERENCES `vaccine_result` (`vaccine_result_id`) ON DELETE CASCADE,
  CONSTRAINT `feedback_ibfk_4` FOREIGN KEY (`health_result_id`) REFERENCES `health_check_result` (`health_result_id`) ON DELETE CASCADE,
  CONSTRAINT `feedback_chk_1` CHECK ((`satisfaction` in (_utf8mb4'SATISFIED',_utf8mb4'UNSATISFIED'))),
  CONSTRAINT `feedback_chk_2` CHECK ((`status` in (_utf8mb4'NOT_REPLIED',_utf8mb4'REPLIED')))
) ENGINE=InnoDB DEFAULT CHARSET=utf8mb4 COLLATE=utf8mb4_0900_ai_ci;

INSERT INTO `feedback` (`feedback_id`, `satisfaction`, `comment`, `created_at`, `parent_id`, `nurse_id`, `vaccine_result_id`, `health_result_id`, `response_nurse`, `status`) VALUES
(1,	'SATISFIED',	'Cảm ơn cô y tá đã hỗ trợ nhiệt tình.',	'2025-06-01 08:00:00',	11,	9,	NULL,	204,	NULL,	'NOT_REPLIED'),
(2,	'UNSATISFIED',	'Phản hồi chậm, mong cải thiện.',	'2025-06-01 08:10:00',	12,	9,	NULL,	205,	'Chúng tôi xin lỗi và sẽ cải thiện.',	'REPLIED'),
(3,	'SATISFIED',	'Bé được khám kỹ lưỡng, tôi yên tâm.',	'2025-06-01 08:20:00',	13,	9,	NULL,	206,	NULL,	'NOT_REPLIED'),
(4,	'UNSATISFIED',	'Chưa được giải thích rõ ràng.',	'2025-06-01 08:30:00',	14,	9,	NULL,	207,	'Chúng tôi sẽ giải thích lại chi tiết hơn.',	'REPLIED'),
(5,	'SATISFIED',	'Dịch vụ tốt, cảm ơn nhà trường.',	'2025-06-01 08:40:00',	15,	9,	NULL,	208,	NULL,	'NOT_REPLIED'),
(6,	'UNSATISFIED',	'Kết quả chưa rõ ràng.',	'2025-06-01 08:50:00',	16,	9,	NULL,	209,	'Đã gửi lại kết quả chi tiết cho phụ huynh.',	'REPLIED'),
(7,	'SATISFIED',	'Tôi rất hài lòng với chương trình.',	'2025-06-01 09:00:00',	17,	9,	NULL,	210,	NULL,	'NOT_REPLIED'),
(8,	'UNSATISFIED',	'Không nhận được thông báo trước.',	'2025-06-01 09:10:00',	18,	9,	NULL,	211,	'Chúng tôi sẽ cập nhật thông tin tốt hơn.',	'REPLIED'),
(9,	'SATISFIED',	'Cảm ơn cô y tá đã tư vấn tận tình.',	'2025-06-01 09:20:00',	19,	9,	NULL,	212,	NULL,	'NOT_REPLIED'),
(10,	'UNSATISFIED',	'Quy trình chậm trễ.',	'2025-06-01 09:30:00',	20,	9,	NULL,	213,	'Sẽ cải thiện quy trình xử lý.',	'REPLIED'),
(11,	'SATISFIED',	'Bé rất vui sau buổi khám.',	'2025-06-01 09:40:00',	21,	9,	NULL,	214,	NULL,	'NOT_REPLIED'),
(12,	'UNSATISFIED',	'Thiếu thông tin về bệnh lý.',	'2025-06-01 09:50:00',	22,	9,	NULL,	215,	'Chúng tôi sẽ bổ sung chi tiết.',	'REPLIED'),
(13,	'SATISFIED',	'Hài lòng với kết quả khám.',	'2025-06-01 10:00:00',	23,	9,	NULL,	216,	NULL,	'NOT_REPLIED'),
(14,	'UNSATISFIED',	'Không có ai hỗ trợ khi hỏi.',	'2025-06-01 10:10:00',	24,	9,	NULL,	217,	'Chúng tôi xin lỗi và sẽ khắc phục.',	'REPLIED'),
(15,	'SATISFIED',	'Rất chuyên nghiệp.',	'2025-06-01 10:20:00',	25,	9,	NULL,	218,	NULL,	'NOT_REPLIED'),
(16,	'UNSATISFIED',	'Không nhận được phiếu kết quả.',	'2025-06-01 10:30:00',	26,	9,	NULL,	219,	'Chúng tôi sẽ gửi lại ngay.',	'REPLIED'),
(17,	'SATISFIED',	'Cảm ơn sự hỗ trợ tận tình.',	'2025-06-01 10:40:00',	27,	9,	NULL,	220,	NULL,	'NOT_REPLIED'),
(18,	'UNSATISFIED',	'Không rõ ràng về quy trình.',	'2025-06-01 10:50:00',	28,	9,	NULL,	221,	'Sẽ gửi tài liệu hướng dẫn cụ thể.',	'REPLIED'),
(19,	'SATISFIED',	'Tôi đánh giá cao đội ngũ y tế.',	'2025-06-01 11:00:00',	29,	9,	NULL,	222,	NULL,	'NOT_REPLIED'),
(20,	'UNSATISFIED',	'Khó liên hệ phản hồi.',	'2025-06-01 11:10:00',	30,	9,	NULL,	223,	'Sẽ bổ sung thêm kênh liên hệ.',	'REPLIED'),
(21,	'SATISFIED',	'Không có vấn đề gì.',	'2025-06-01 11:20:00',	31,	9,	NULL,	224,	NULL,	'NOT_REPLIED'),
(22,	'UNSATISFIED',	'Thiếu người hướng dẫn tại chỗ.',	'2025-06-01 11:30:00',	32,	9,	NULL,	225,	'Đã bổ sung người hỗ trợ trực.',	'REPLIED'),
(23,	'SATISFIED',	'Rất nhanh chóng và hiệu quả.',	'2025-06-01 11:40:00',	33,	9,	NULL,	226,	NULL,	'NOT_REPLIED'),
(24,	'UNSATISFIED',	'Không biết phải làm gì tiếp theo.',	'2025-06-01 11:50:00',	34,	9,	NULL,	227,	'Sẽ gửi hướng dẫn chi tiết cho PH.',	'REPLIED'),
(25,	'SATISFIED',	'Thái độ phục vụ tốt.',	'2025-06-01 12:00:00',	35,	9,	NULL,	228,	NULL,	'NOT_REPLIED'),
(26,	'UNSATISFIED',	'Không rõ kết luận khám.',	'2025-06-01 12:10:00',	36,	9,	NULL,	229,	'Đã gửi lại thông tin chi tiết.',	'REPLIED'),
(27,	'SATISFIED',	'Không có gì để phàn nàn.',	'2025-06-01 12:20:00',	37,	9,	NULL,	230,	NULL,	'NOT_REPLIED'),
(28,	'UNSATISFIED',	'Gửi nhầm kết quả học sinh khác.',	'2025-06-01 12:30:00',	38,	9,	NULL,	231,	'Đã đính chính lại và xin lỗi.',	'REPLIED'),
(29,	'SATISFIED',	'Bé được quan tâm tận tình.',	'2025-06-01 12:40:00',	39,	9,	NULL,	232,	NULL,	'NOT_REPLIED'),
(30,	'UNSATISFIED',	'Thiếu hướng dẫn rõ ràng.',	'2025-06-01 12:50:00',	40,	9,	NULL,	233,	'Đã bổ sung tài liệu hướng dẫn.',	'REPLIED'),
(31,	'SATISFIED',	'Hài lòng về thông tin cung cấp.',	'2025-06-01 13:00:00',	41,	9,	NULL,	234,	NULL,	'NOT_REPLIED'),
(32,	'UNSATISFIED',	'Thông tin thiếu chính xác.',	'2025-06-01 13:10:00',	42,	9,	NULL,	235,	'Đã điều chỉnh lại thông tin.',	'REPLIED'),
(33,	'SATISFIED',	'Rất đáng tin cậy.',	'2025-06-01 13:20:00',	43,	9,	NULL,	236,	NULL,	'NOT_REPLIED'),
(34,	'UNSATISFIED',	'Không hiểu rõ kết quả.',	'2025-06-01 13:30:00',	44,	9,	NULL,	237,	'Đã giải thích lại qua email.',	'REPLIED'),
(35,	'SATISFIED',	'Bé hợp tác tốt trong khám.',	'2025-06-01 13:40:00',	45,	9,	NULL,	238,	NULL,	'NOT_REPLIED'),
(36,	'UNSATISFIED',	'Không hài lòng với phản hồi.',	'2025-06-01 13:50:00',	46,	9,	NULL,	239,	'Xin lỗi, sẽ tiếp thu ý kiến.',	'REPLIED'),
(37,	'SATISFIED',	'Mọi thứ diễn ra ổn định.',	'2025-06-01 14:00:00',	47,	9,	NULL,	240,	NULL,	'NOT_REPLIED'),
(38,	'UNSATISFIED',	'Chậm xử lý thắc mắc.',	'2025-06-01 14:10:00',	48,	9,	NULL,	241,	'Chúng tôi sẽ cải thiện tốc độ.',	'REPLIED'),
(39,	'SATISFIED',	'Bé được chăm sóc tốt.',	'2025-06-01 14:20:00',	49,	9,	NULL,	242,	NULL,	'NOT_REPLIED'),
(41,	'SATISFIED',	'Cảm ơn nhà trường đã tiêm đúng lịch.',	'2025-06-01 08:00:00',	11,	9,	3,	NULL,	NULL,	'REPLIED'),
(42,	'UNSATISFIED',	'Sau tiêm bé hơi sốt, cần tư vấn thêm.',	'2025-06-02 08:00:00',	12,	9,	4,	NULL,	NULL,	'NOT_REPLIED'),
(43,	'SATISFIED',	'Không có phản ứng, rất tốt.',	'2025-06-03 08:00:00',	13,	9,	5,	NULL,	NULL,	'REPLIED'),
(44,	'UNSATISFIED',	'Bé mệt nhẹ sau tiêm.',	'2025-06-04 08:00:00',	14,	9,	6,	NULL,	NULL,	'NOT_REPLIED'),
(45,	'SATISFIED',	'Rất an tâm với quy trình.',	'2025-06-05 08:00:00',	15,	9,	7,	NULL,	NULL,	'REPLIED'),
(46,	'UNSATISFIED',	'Mong y tá kiểm tra kỹ hơn lần sau.',	'2025-06-06 08:00:00',	16,	9,	8,	NULL,	NULL,	'NOT_REPLIED'),
(47,	'SATISFIED',	'Phản hồi nhanh, hỗ trợ tốt.',	'2025-06-07 08:00:00',	17,	9,	9,	NULL,	NULL,	'REPLIED'),
(48,	'UNSATISFIED',	'Bé có biểu hiện buồn ngủ nhiều.',	'2025-06-08 08:00:00',	18,	9,	10,	NULL,	NULL,	'NOT_REPLIED'),
(49,	'SATISFIED',	'Đội ngũ y tế làm việc chuyên nghiệp.',	'2025-06-09 08:00:00',	19,	9,	11,	NULL,	NULL,	'REPLIED'),
(50,	'UNSATISFIED',	'Chưa rõ thông tin vaccine.',	'2025-06-10 08:00:00',	20,	9,	12,	NULL,	NULL,	'NOT_REPLIED'),
(51,	'SATISFIED',	'Phụ huynh rất yên tâm.',	'2025-06-11 08:00:00',	21,	9,	13,	NULL,	NULL,	'REPLIED'),
(52,	'UNSATISFIED',	'Bé kêu đau tay sau tiêm.',	'2025-06-12 08:00:00',	22,	9,	14,	NULL,	NULL,	'NOT_REPLIED'),
(53,	'SATISFIED',	'Không có phản ứng nào sau tiêm.',	'2025-06-13 08:00:00',	23,	9,	15,	NULL,	NULL,	'REPLIED'),
(54,	'UNSATISFIED',	'Mong kiểm tra lại nhiệt độ.',	'2025-06-14 08:00:00',	24,	9,	16,	NULL,	NULL,	'NOT_REPLIED'),
(55,	'SATISFIED',	'Cảm ơn nhà trường đã hỗ trợ.',	'2025-06-15 08:00:00',	25,	9,	17,	NULL,	NULL,	'REPLIED'),
(56,	'UNSATISFIED',	'Bé hơi quấy khóc.',	'2025-06-16 08:00:00',	26,	9,	18,	NULL,	NULL,	'NOT_REPLIED'),
(57,	'SATISFIED',	'Thông tin rõ ràng, minh bạch.',	'2025-06-17 08:00:00',	27,	9,	19,	NULL,	NULL,	'REPLIED'),
(58,	'UNSATISFIED',	'Chưa thấy báo cáo chi tiết.',	'2025-06-18 08:00:00',	28,	9,	20,	NULL,	NULL,	'NOT_REPLIED'),
(59,	'SATISFIED',	'Rất đáng khen đội y tế.',	'2025-06-19 08:00:00',	29,	9,	21,	NULL,	NULL,	'REPLIED'),
(60,	'UNSATISFIED',	'Đề nghị gọi điện xác minh thêm.',	'2025-06-20 08:00:00',	30,	9,	22,	NULL,	NULL,	'NOT_REPLIED'),
(61,	'SATISFIED',	'Dịch vụ tiêm chủng tốt.',	'2025-06-21 08:00:00',	31,	9,	23,	NULL,	NULL,	'REPLIED'),
(62,	'UNSATISFIED',	'Phản ứng hơi mạnh.',	'2025-06-22 08:00:00',	32,	9,	24,	NULL,	NULL,	'NOT_REPLIED'),
(63,	'SATISFIED',	'Bé vẫn ăn uống bình thường.',	'2025-06-23 08:00:00',	33,	9,	25,	NULL,	NULL,	'REPLIED'),
(64,	'UNSATISFIED',	'Không rõ bé tiêm loại gì.',	'2025-06-24 08:00:00',	34,	9,	26,	NULL,	NULL,	'NOT_REPLIED'),
(65,	'SATISFIED',	'Mọi thứ đều ổn.',	'2025-06-25 08:00:00',	35,	9,	27,	NULL,	NULL,	'REPLIED'),
(66,	'UNSATISFIED',	'Có dấu hiệu đỏ vùng tiêm.',	'2025-06-26 08:00:00',	36,	9,	28,	NULL,	NULL,	'NOT_REPLIED'),
(67,	'SATISFIED',	'Rất tốt, không vấn đề gì.',	'2025-06-27 08:00:00',	37,	9,	29,	NULL,	NULL,	'REPLIED'),
(68,	'UNSATISFIED',	'Tiêm xong bé khó ngủ.',	'2025-06-28 08:00:00',	38,	9,	30,	NULL,	NULL,	'NOT_REPLIED'),
(69,	'SATISFIED',	'Phụ huynh hài lòng.',	'2025-06-29 08:00:00',	39,	9,	31,	NULL,	NULL,	'REPLIED'),
(70,	'UNSATISFIED',	'Chưa rõ thông tin hậu kiểm.',	'2025-06-30 08:00:00',	40,	9,	32,	NULL,	NULL,	'NOT_REPLIED'),
(71,	'SATISFIED',	'Đội ngũ y tế hỗ trợ tốt.',	'2025-07-01 08:00:00',	41,	9,	33,	NULL,	NULL,	'REPLIED'),
(72,	'UNSATISFIED',	'Bé có phản ứng chậm.',	'2025-07-02 08:00:00',	42,	9,	34,	NULL,	NULL,	'NOT_REPLIED'),
(73,	'SATISFIED',	'Thời gian tiêm hợp lý.',	'2025-07-03 08:00:00',	43,	9,	35,	NULL,	NULL,	'REPLIED'),
(74,	'UNSATISFIED',	'Chưa được tư vấn rõ ràng.',	'2025-07-04 08:00:00',	44,	9,	36,	NULL,	NULL,	'NOT_REPLIED'),
(75,	'SATISFIED',	'Bé khỏe mạnh bình thường.',	'2025-07-05 08:00:00',	45,	9,	37,	NULL,	NULL,	'REPLIED'),
(76,	'UNSATISFIED',	'Mong nhận báo cáo tiêm.',	'2025-07-06 08:00:00',	46,	9,	38,	NULL,	NULL,	'NOT_REPLIED'),
(77,	'SATISFIED',	'Không có phản ứng nào đáng lo.',	'2025-07-07 08:00:00',	47,	9,	39,	NULL,	NULL,	'REPLIED'),
(78,	'UNSATISFIED',	'Phụ huynh cần gọi lại xác nhận.',	'2025-07-08 08:00:00',	48,	9,	40,	NULL,	NULL,	'NOT_REPLIED'),
(79,	'SATISFIED',	'Rất an tâm.',	'2025-07-09 08:00:00',	49,	9,	41,	NULL,	NULL,	'REPLIED');

DROP TABLE IF EXISTS `health_check_form`;
CREATE TABLE `health_check_form` (
  `health_check_form_id` int NOT NULL AUTO_INCREMENT,
  `health_check_id` int DEFAULT NULL,
  `student_id` int DEFAULT NULL,
  `parent_id` int DEFAULT NULL,
  `form_date` date DEFAULT NULL,
  `notes` varchar(255) DEFAULT NULL,
  `commit` tinyint(1) DEFAULT NULL,
  `status` varchar(10) DEFAULT 'draft',
  PRIMARY KEY (`health_check_form_id`),
  KEY `health_check_id` (`health_check_id`),
  KEY `student_id` (`student_id`),
  KEY `parent_id` (`parent_id`),
  CONSTRAINT `health_check_form_ibfk_1` FOREIGN KEY (`health_check_id`) REFERENCES `health_check_program` (`health_check_id`) ON DELETE CASCADE,
  CONSTRAINT `health_check_form_ibfk_2` FOREIGN KEY (`student_id`) REFERENCES `student` (`student_id`) ON DELETE CASCADE,
  CONSTRAINT `health_check_form_ibfk_3` FOREIGN KEY (`parent_id`) REFERENCES `users` (`user_id`) ON DELETE CASCADE,
  CONSTRAINT `health_check_form_chk_1` CHECK ((`status` in (_utf8mb4'DRAFT',_utf8mb4'SENT')))
) ENGINE=InnoDB DEFAULT CHARSET=utf8mb4 COLLATE=utf8mb4_0900_ai_ci;

INSERT INTO `health_check_form` (`health_check_form_id`, `health_check_id`, `student_id`, `parent_id`, `form_date`, `notes`, `commit`, `status`) VALUES
(1001,	7,	205,	7,	'2025-06-01',	'Không vấn đề',	1,	'SENT'),
(1002,	8,	206,	2,	'2025-06-01',	'Thấy mệt',	1,	'SENT'),
(1003,	7,	207,	9,	'2025-06-15',	'Thấy mệt nhiều',	1,	'SENT'),
(1004,	9,	304,	11,	'2025-06-01',	'Không có ghi chú đặc biệt',	1,	'DRAFT'),
(1005,	9,	305,	12,	'2025-06-01',	'Đã từng dị ứng nhẹ',	0,	'SENT'),
(1006,	9,	306,	13,	'2025-06-01',	'Khỏe mạnh',	1,	'DRAFT'),
(1007,	9,	307,	14,	'2025-06-01',	'Không có vấn đề gì',	0,	'SENT'),
(1008,	9,	308,	15,	'2025-06-01',	'Đã từng khám tai mũi họng',	1,	'DRAFT'),
(1009,	9,	309,	16,	'2025-06-02',	'Phản hồi tốt',	0,	'SENT'),
(1010,	9,	310,	17,	'2025-06-02',	'Phát triển bình thường',	1,	'DRAFT'),
(1011,	9,	311,	18,	'2025-06-02',	'Không có bệnh nền',	0,	'SENT'),
(1012,	9,	312,	19,	'2025-06-02',	'Dị ứng nhẹ với trứng',	1,	'DRAFT'),
(1013,	9,	313,	20,	'2025-06-02',	'Không có vấn đề gì',	0,	'SENT'),
(1014,	9,	314,	21,	'2025-06-03',	'Khám định kỳ',	1,	'DRAFT'),
(1015,	9,	315,	22,	'2025-06-03',	'Cần theo dõi thêm',	0,	'SENT'),
(1016,	9,	316,	23,	'2025-06-03',	'Không có ghi chú',	1,	'DRAFT'),
(1017,	9,	317,	24,	'2025-06-03',	'Khỏe mạnh',	0,	'SENT'),
(1018,	9,	318,	25,	'2025-06-03',	'Có tiền sử dị ứng',	1,	'DRAFT'),
(1019,	9,	319,	26,	'2025-06-04',	'Cần kiểm tra thêm',	0,	'SENT'),
(1020,	9,	320,	27,	'2025-06-04',	'Không có vấn đề gì',	1,	'DRAFT'),
(1021,	9,	321,	28,	'2025-06-04',	'Được tiêm đầy đủ',	0,	'SENT'),
(1022,	9,	322,	29,	'2025-06-04',	'Phản hồi tích cực',	1,	'DRAFT'),
(1023,	9,	323,	30,	'2025-06-04',	'Không có ghi chú',	0,	'SENT'),
(1024,	9,	324,	31,	'2025-06-05',	'Tình trạng ổn định',	1,	'DRAFT'),
(1025,	9,	325,	32,	'2025-06-05',	'Khỏe mạnh',	0,	'SENT'),
(1026,	9,	326,	33,	'2025-06-05',	'Đã tiêm phòng đầy đủ',	1,	'DRAFT'),
(1027,	9,	327,	34,	'2025-06-05',	'Cần theo dõi cân nặng',	0,	'SENT'),
(1028,	9,	328,	35,	'2025-06-05',	'Bé phát triển tốt',	1,	'DRAFT'),
(1029,	9,	329,	36,	'2025-06-06',	'Không có bệnh nền',	0,	'SENT'),
(1030,	9,	330,	37,	'2025-06-06',	'Cần đo lại thị lực',	1,	'DRAFT'),
(1031,	9,	331,	38,	'2025-06-06',	'Khỏe mạnh',	0,	'SENT'),
(1032,	9,	332,	39,	'2025-06-06',	'Không có phản hồi',	1,	'DRAFT'),
(1033,	9,	333,	40,	'2025-06-06',	'Được phụ huynh đồng ý',	0,	'SENT'),
(1034,	9,	334,	41,	'2025-06-07',	'Không có vấn đề gì',	1,	'DRAFT'),
(1035,	9,	335,	42,	'2025-06-07',	'Có dấu hiệu ho nhẹ',	0,	'SENT'),
(1036,	9,	336,	43,	'2025-06-07',	'Được xác nhận từ phụ huynh',	1,	'DRAFT'),
(1037,	9,	337,	44,	'2025-06-07',	'Cần theo dõi dị ứng',	0,	'SENT'),
(1038,	9,	338,	45,	'2025-06-08',	'Không có ghi chú',	1,	'DRAFT'),
(1039,	9,	339,	46,	'2025-06-08',	'Bé ăn uống kém',	0,	'SENT'),
(1040,	9,	340,	47,	'2025-06-08',	'Cần bổ sung vitamin',	1,	'DRAFT'),
(1041,	9,	341,	48,	'2025-06-08',	'Không có vấn đề gì',	0,	'SENT'),
(1042,	9,	342,	49,	'2025-06-09',	'Tiêm phòng đầy đủ',	1,	'DRAFT');

DROP TABLE IF EXISTS `health_check_program`;
CREATE TABLE `health_check_program` (
  `health_check_id` int NOT NULL AUTO_INCREMENT,
  `health_check_name` varchar(100) DEFAULT NULL,
  `description` varchar(255) DEFAULT NULL,
  `start_date` date DEFAULT NULL,
  `end_date` date DEFAULT NULL,
  `status` varchar(50) DEFAULT 'NOT_STARTED',
  `note` varchar(255) DEFAULT NULL,
  `admin_id` int DEFAULT NULL,
  PRIMARY KEY (`health_check_id`),
  KEY `admin_id` (`admin_id`),
  CONSTRAINT `health_check_program_ibfk_1` FOREIGN KEY (`admin_id`) REFERENCES `users` (`user_id`) ON DELETE CASCADE,
  CONSTRAINT `health_check_program_chk_1` CHECK ((`status` in (_utf8mb4'ON_GOING',_utf8mb4'COMPLETED',_utf8mb4'NOT_STARTED')))
) ENGINE=InnoDB DEFAULT CHARSET=utf8mb4 COLLATE=utf8mb4_0900_ai_ci;

INSERT INTO `health_check_program` (`health_check_id`, `health_check_name`, `description`, `start_date`, `end_date`, `status`, `note`, `admin_id`) VALUES
(7,	'Health Check - Semester 1',	'Kiểm tra sức khỏe đầu năm học 2025',	'2025-09-01',	'2025-09-10',	'ON_GOING',	'12345',	1),
(8,	'Health Check - Midterm',	'Kiểm tra sức khỏe giữa học kỳ',	'2025-11-01',	'2025-11-05',	'ON_GOING',	'Tập trung vào mắt và cột sống',	2),
(9,	'Health Check - Final',	'Kiểm tra sức khỏe cuối năm học',	'2025-12-10',	'2025-12-20',	'NOT_STARTED',	'Đã hoàn thành kiểm tra toàn trường',	1);

DROP TABLE IF EXISTS `health_check_result`;
CREATE TABLE `health_check_result` (
  `health_result_id` int NOT NULL AUTO_INCREMENT,
  `diagnosis` varchar(255) DEFAULT NULL,
  `level` varchar(50) DEFAULT NULL,
  `note` varchar(255) DEFAULT NULL,
  `health_check_form_id` int DEFAULT NULL,
  PRIMARY KEY (`health_result_id`),
  KEY `health_check_form_id` (`health_check_form_id`),
  CONSTRAINT `health_check_result_ibfk_1` FOREIGN KEY (`health_check_form_id`) REFERENCES `health_check_form` (`health_check_form_id`) ON DELETE CASCADE,
  CONSTRAINT `health_check_result_chk_1` CHECK ((`level` in (_utf8mb4'GOOD',_utf8mb4'FAIR',_utf8mb4'AVERAGE',_utf8mb4'POOR')))
) ENGINE=InnoDB DEFAULT CHARSET=utf8mb4 COLLATE=utf8mb4_0900_ai_ci;

INSERT INTO `health_check_result` (`health_result_id`, `diagnosis`, `level`, `note`, `health_check_form_id`) VALUES
(201,	'Khỏe mạnh',	'GOOD',	'Không vấn đề gì',	1001),
(202,	'Mệt nhẹ',	'FAIR',	'Nên theo dõi thêm',	1002),
(203,	'Cần nghỉ ngơi',	'POOR',	'Chóng mặt',	1003),
(204,	'Khỏe mạnh',	'GOOD',	'Không có dấu hiệu bất thường',	1004),
(205,	'Dị ứng nhẹ',	'FAIR',	'Cần tránh tiếp xúc với phấn hoa',	1005),
(206,	'Cân nặng thấp',	'AVERAGE',	'Cần cải thiện chế độ ăn',	1006),
(207,	'Sâu răng',	'FAIR',	'Nên đi khám nha khoa',	1007),
(208,	'Bình thường',	'GOOD',	'Phát triển tốt',	1008),
(209,	'Cận thị nhẹ',	'AVERAGE',	'Đề xuất đo lại thị lực định kỳ',	1009),
(210,	'Da mẩn đỏ',	'FAIR',	'Khuyến cáo sử dụng kem dị ứng',	1010),
(211,	'Khỏe mạnh',	'GOOD',	'Không có triệu chứng bất thường',	1011),
(212,	'Viêm họng nhẹ',	'FAIR',	'Cần giữ ấm cổ họng',	1012),
(213,	'Chậm tăng chiều cao',	'AVERAGE',	'Nên bổ sung canxi',	1013),
(214,	'Sức khỏe tốt',	'GOOD',	'Phát triển bình thường',	1014),
(215,	'Viêm da tiếp xúc',	'FAIR',	'Tránh dùng xà phòng mạnh',	1015),
(216,	'Béo phì mức 1',	'AVERAGE',	'Cần tập luyện nhiều hơn',	1016),
(217,	'Thị lực tốt',	'GOOD',	'Không cần can thiệp',	1017),
(218,	'Hô hấp ổn định',	'GOOD',	'Không có dấu hiệu khò khè',	1018),
(219,	'Viêm mũi dị ứng',	'FAIR',	'Cần tránh bụi và lông động vật',	1019),
(220,	'Sâu răng nhiều',	'POOR',	'Cần điều trị nha khoa sớm',	1020),
(221,	'Suy dinh dưỡng nhẹ',	'AVERAGE',	'Cần bổ sung năng lượng',	1021),
(222,	'Không có bệnh',	'GOOD',	'Bé rất khỏe mạnh',	1022),
(223,	'Viêm kết mạc',	'FAIR',	'Cần tra thuốc đúng lịch',	1023),
(224,	'Thừa cân nhẹ',	'AVERAGE',	'Khuyên giảm ăn ngọt',	1024),
(225,	'Hô hấp tốt',	'GOOD',	'Không có bất thường',	1025),
(226,	'Viêm da cơ địa',	'FAIR',	'Nên theo dõi thêm',	1026),
(227,	'Hệ tiêu hóa ổn',	'GOOD',	'Không có vấn đề tiêu hóa',	1027),
(228,	'Thiếu máu nhẹ',	'AVERAGE',	'Cần bổ sung sắt',	1028),
(229,	'Khỏe mạnh',	'GOOD',	'Không ghi nhận bất thường',	1029),
(230,	'Đau mắt đỏ',	'FAIR',	'Tránh tiếp xúc gần với bạn bè',	1030),
(231,	'Đau đầu nhẹ',	'AVERAGE',	'Theo dõi thêm nếu tái phát',	1031),
(232,	'Không bệnh lý',	'GOOD',	'Bình thường theo độ tuổi',	1032),
(233,	'Viêm phế quản nhẹ',	'FAIR',	'Nghỉ ngơi và uống nước ấm',	1033),
(234,	'Tăng huyết áp nhẹ',	'AVERAGE',	'Nên theo dõi thêm',	1034),
(235,	'Cơ xương phát triển tốt',	'GOOD',	'Không lệch vẹo cột sống',	1035),
(236,	'Thiếu vitamin D',	'AVERAGE',	'Cần tiếp xúc ánh nắng nhiều hơn',	1036),
(237,	'Không bất thường',	'GOOD',	'Hoàn toàn khỏe mạnh',	1037),
(238,	'Cận thị trung bình',	'FAIR',	'Cần đeo kính khi học',	1038),
(239,	'Chán ăn',	'AVERAGE',	'Khuyến khích vận động nhẹ',	1039),
(240,	'Khỏe mạnh',	'GOOD',	'Không vấn đề gì',	1040),
(241,	'Đầy bụng khó tiêu',	'FAIR',	'Nên ăn uống điều độ',	1041),
(242,	'Viêm lợi',	'AVERAGE',	'Cần khám nha sĩ',	1042);

DROP TABLE IF EXISTS `medical_event`;
CREATE TABLE `medical_event` (
  `event_id` int NOT NULL AUTO_INCREMENT,
  `type_event` varchar(100) DEFAULT NULL,
  `date` date DEFAULT NULL,
  `description` varchar(255) DEFAULT NULL,
  `student_id` int DEFAULT NULL,
  `nurse_id` int DEFAULT NULL,
  PRIMARY KEY (`event_id`),
  KEY `student_id` (`student_id`),
  KEY `nurse_id` (`nurse_id`),
  CONSTRAINT `medical_event_ibfk_1` FOREIGN KEY (`student_id`) REFERENCES `student` (`student_id`) ON DELETE CASCADE,
  CONSTRAINT `medical_event_ibfk_2` FOREIGN KEY (`nurse_id`) REFERENCES `users` (`user_id`) ON DELETE CASCADE
) ENGINE=InnoDB DEFAULT CHARSET=utf8mb4 COLLATE=utf8mb4_0900_ai_ci;

INSERT INTO `medical_event` (`event_id`, `type_event`, `date`, `description`, `student_id`, `nurse_id`) VALUES
(6,	'Ngất xỉu trong lớp',	'2025-06-17',	'Học sinh ngất xỉu khi đang học môn Thể dục, đã được sơ cứu và chuyển đến phòng y tế.',	209,	9),
(7,	'Ngất xỉu trong lớp',	'2025-06-17',	'Học sinh ngất xỉu khi đang học môn Thể dục, đã được sơ cứu và chuyển đến phòng y tế.',	216,	9),
(8,	'Ngất xỉu trong lớp',	'2025-06-17',	'Học sinh ngất xỉu khi đang học môn Thể dục, đã được sơ cứu và chuyển đến phòng y tế.',	226,	9),
(52,	'Sốt',	'2025-06-01',	'Sốt cao trên 39 độ',	205,	9),
(53,	'Ngất xỉu trong lớp',	'2025-06-01',	'Mất ý thức tạm thời',	206,	2),
(54,	'Té ngã',	'2025-06-02',	'Ngã trong sân trường',	207,	9),
(56,	'Sốt',	'2025-06-02',	'Sốt do thời tiết',	209,	1),
(57,	'Té ngã',	'2025-06-03',	'Vấp ngã khi chơi thể thao',	300,	9),
(58,	'Ngất xỉu trong lớp',	'2025-06-03',	'Chóng mặt rồi ngất',	299,	9),
(59,	'Đau bụng',	'2025-06-03',	'Đau bụng do ăn uống',	250,	9),
(60,	'Té ngã',	'2025-06-04',	'Ngã xe đạp',	270,	9),
(61,	'Đau bụng',	'2025-06-04',	'Đau bụng sáng sớm',	278,	9),
(62,	'Sốt',	'2025-06-05',	'Sốt kèm mệt mỏi',	303,	9),
(63,	'Ngất xỉu trong lớp',	'2025-06-05',	'Ngất trong giờ học',	301,	9),
(64,	'Đau bụng',	'2025-06-05',	'Đau bụng nhẹ',	302,	9),
(65,	'Khám sức khỏe định kỳ',	'2025-06-01',	'Khám tổng quát học kỳ II',	304,	9),
(66,	'Sơ cứu',	'2025-06-02',	'Bé bị té trầy nhẹ đầu gối',	305,	9),
(67,	'Phát hiện bệnh',	'2025-06-03',	'Có dấu hiệu viêm họng',	306,	9),
(68,	'Khám sức khỏe',	'2025-06-04',	'Đo chiều cao, cân nặng định kỳ',	307,	9),
(69,	'Sơ cứu',	'2025-06-05',	'Bé bị chảy máu mũi nhẹ',	308,	9),
(70,	'Tư vấn y tế',	'2025-06-06',	'Tư vấn vệ sinh cá nhân',	309,	9),
(71,	'Phát hiện dị ứng',	'2025-06-07',	'Phát ban sau khi ăn hải sản',	310,	9),
(72,	'Khám thị lực',	'2025-06-08',	'Kiểm tra mắt khi bé nhìn không rõ',	311,	9),
(73,	'Khám tai mũi họng',	'2025-06-09',	'Bé ho và có đờm',	312,	9),
(74,	'Sơ cứu',	'2025-06-10',	'Trầy xước tay do chơi cầu trượt',	313,	9),
(75,	'Phát hiện sâu răng',	'2025-06-11',	'Đau răng khi ăn uống',	314,	9),
(76,	'Khám da liễu',	'2025-06-12',	'Phát hiện nổi mẩn ở tay',	315,	9),
(77,	'Tư vấn sức khỏe',	'2025-06-13',	'Tư vấn dinh dưỡng',	316,	9),
(78,	'Khám tổng quát',	'2025-06-14',	'Kiểm tra chỉ số BMI',	317,	9),
(79,	'Khám tai',	'2025-06-15',	'Bé nghe không rõ',	318,	9);

DROP TABLE IF EXISTS `medical_record`;
CREATE TABLE `medical_record` (
  `record_id` int NOT NULL AUTO_INCREMENT,
  `student_id` int DEFAULT NULL,
  `allergies` varchar(255) DEFAULT NULL,
  `chronic_disease` varchar(255) DEFAULT NULL,
  `treatment_history` varchar(255) DEFAULT NULL,
  `vision` varchar(50) DEFAULT NULL,
  `hearing` varchar(50) DEFAULT NULL,
  `weight` float DEFAULT NULL,
  `height` float DEFAULT NULL,
  `last_update` datetime DEFAULT NULL,
  `note` varchar(255) DEFAULT NULL,
  PRIMARY KEY (`record_id`),
  KEY `student_id` (`student_id`),
  CONSTRAINT `medical_record_ibfk_1` FOREIGN KEY (`student_id`) REFERENCES `student` (`student_id`) ON DELETE CASCADE
) ENGINE=InnoDB DEFAULT CHARSET=utf8mb4 COLLATE=utf8mb4_0900_ai_ci;

INSERT INTO `medical_record` (`record_id`, `student_id`, `allergies`, `chronic_disease`, `treatment_history`, `vision`, `hearing`, `weight`, `height`, `last_update`, `note`) VALUES
(7,	209,	'Pollen',	'Asthma',	'Used inhaler for 3 years',	'Normal',	'Normal',	45.5,	150,	'2025-06-08 16:18:24',	'Student is in good condition'),
(8,	225,	'string',	'string',	'string',	'Unknown',	'',	1,	30,	'2025-06-08 16:18:57',	'string'),
(10,	213,	'2',	'2',	'2',	'2',	'2',	2,	2,	'2025-06-08 16:18:57',	'2'),
(11,	304,	'Không',	'Không',	'Không',	'10/10',	'Bình thường',	25.5,	130,	'2025-06-23 14:07:29',	'Khám định kỳ'),
(12,	305,	'Hải sản',	'Không',	'Viêm họng',	'9/10',	'Bình thường',	27,	132,	'2025-06-23 14:07:29',	'Cần theo dõi dị ứng'),
(13,	306,	'Không',	'Hen suyễn',	'Điều trị định kỳ',	'10/10',	'Tốt',	30.2,	135.5,	'2025-06-23 14:07:29',	'Đang điều trị hen'),
(14,	307,	'Bụi',	'Không',	'Không',	'10/10',	'Bình thường',	28.7,	134,	'2025-06-23 14:07:29',	'Thỉnh thoảng dị ứng nhẹ'),
(15,	308,	'Không',	'Không',	'Cảm cúm',	'10/10',	'Tốt',	26.8,	131,	'2025-06-23 14:07:29',	'Đã khỏi bệnh'),
(16,	309,	'Không',	'Không',	'Không',	'10/10',	'Bình thường',	29.5,	136,	'2025-06-23 14:07:29',	'Khỏe mạnh'),
(17,	310,	'Không',	'Viêm da cơ địa',	'Đã điều trị',	'9/10',	'Bình thường',	27.3,	133,	'2025-06-23 14:07:29',	'Da nhạy cảm'),
(18,	311,	'Trứng',	'Không',	'Không',	'10/10',	'Bình thường',	25,	128,	'2025-06-23 14:07:29',	'Dị ứng nhẹ'),
(19,	312,	'Không',	'Không',	'Không',	'10/10',	'Tốt',	31,	137,	'2025-06-23 14:07:29',	'Phát triển tốt'),
(20,	313,	'Không',	'Không',	'Không',	'10/10',	'Bình thường',	28,	132.5,	'2025-06-23 14:07:29',	'Không có vấn đề'),
(21,	314,	'Không',	'Không',	'Không',	'10/10',	'Bình thường',	26.2,	129,	'2025-06-23 14:07:29',	'Khám định kỳ'),
(22,	315,	'Không',	'Không',	'Đau bụng nhẹ',	'10/10',	'Bình thường',	27.8,	130,	'2025-06-23 14:07:29',	'Tiêu hóa yếu'),
(23,	316,	'Không',	'Không',	'Không',	'10/10',	'Tốt',	29.1,	134,	'2025-06-23 14:07:29',	'Bình thường'),
(24,	317,	'Không',	'Không',	'Không',	'10/10',	'Bình thường',	30,	135,	'2025-06-23 14:07:29',	'Khỏe'),
(25,	318,	'Không',	'Không',	'Không',	'10/10',	'Bình thường',	28.5,	132,	'2025-06-23 14:07:29',	'Bình thường'),
(26,	319,	'Không',	'Không',	'Không',	'10/10',	'Tốt',	26.9,	130,	'2025-06-23 14:07:29',	'Khỏe mạnh'),
(27,	320,	'Sữa bò',	'Không',	'Không',	'9/10',	'Bình thường',	27,	129.5,	'2025-06-23 14:07:29',	'Theo dõi dị ứng sữa'),
(28,	321,	'Không',	'Không',	'Không',	'10/10',	'Tốt',	28.6,	131,	'2025-06-23 14:07:29',	'Bình thường'),
(29,	322,	'Không',	'Không',	'Không',	'10/10',	'Bình thường',	30.4,	136,	'2025-06-23 14:07:29',	'Khám định kỳ'),
(30,	323,	'Không',	'Không',	'Không',	'10/10',	'Tốt',	29.7,	133,	'2025-06-23 14:07:29',	'Không có vấn đề'),
(31,	324,	'Không',	'Không',	'Không',	'10/10',	'Tốt',	25.3,	127,	'2025-06-23 14:07:29',	'Bình thường'),
(32,	325,	'Không',	'Không',	'Không',	'10/10',	'Bình thường',	28.1,	132,	'2025-06-23 14:07:29',	'Bình thường'),
(33,	326,	'Không',	'Không',	'Không',	'10/10',	'Tốt',	29,	134,	'2025-06-23 14:07:29',	'Khám sức khỏe học kỳ'),
(34,	327,	'Không',	'Không',	'Không',	'10/10',	'Bình thường',	26.7,	130,	'2025-06-23 14:07:29',	'Không có ghi chú'),
(35,	328,	'Không',	'Không',	'Không',	'10/10',	'Tốt',	30,	135.5,	'2025-06-23 14:07:29',	'Phát triển tốt'),
(36,	329,	'Không',	'Không',	'Không',	'10/10',	'Bình thường',	27.5,	130.5,	'2025-06-23 14:07:29',	'Khám định kỳ'),
(37,	330,	'Không',	'Không',	'Không',	'10/10',	'Tốt',	28.9,	133,	'2025-06-23 14:07:29',	'Bình thường'),
(38,	331,	'Không',	'Không',	'Không',	'10/10',	'Tốt',	31.1,	137,	'2025-06-23 14:07:29',	'Phát triển tốt'),
(39,	332,	'Không',	'Không',	'Không',	'10/10',	'Bình thường',	27.4,	129,	'2025-06-23 14:07:29',	'Khám sức khỏe học sinh'),
(40,	333,	'Không',	'Không',	'Không',	'10/10',	'Tốt',	29.8,	134,	'2025-06-23 14:07:29',	'Không có vấn đề'),
(41,	334,	'Không',	'Không',	'Không',	'10/10',	'Bình thường',	28.3,	132,	'2025-06-23 14:07:29',	'Khám định kỳ'),
(42,	335,	'Không',	'Không',	'Không',	'10/10',	'Tốt',	26,	128,	'2025-06-23 14:07:29',	'Bình thường'),
(43,	336,	'Không',	'Không',	'Không',	'10/10',	'Tốt',	30.5,	136,	'2025-06-23 14:07:29',	'Phát triển tốt'),
(44,	337,	'Không',	'Không',	'Không',	'10/10',	'Bình thường',	27.6,	130.5,	'2025-06-23 14:07:29',	'Không có vấn đề'),
(45,	338,	'Không',	'Không',	'Không',	'10/10',	'Tốt',	29.2,	133,	'2025-06-23 14:07:29',	'Khám định kỳ'),
(46,	339,	'Không',	'Không',	'Không',	'10/10',	'Bình thường',	30.7,	135,	'2025-06-23 14:07:29',	'Khỏe mạnh'),
(47,	340,	'Không',	'Không',	'Không',	'10/10',	'Tốt',	28.4,	131,	'2025-06-23 14:07:29',	'Bình thường'),
(48,	341,	'Không',	'Không',	'Không',	'10/10',	'Tốt',	29.9,	134.5,	'2025-06-23 14:07:29',	'Phát triển tốt'),
(49,	342,	'Không',	'Không',	'Không',	'10/10',	'Bình thường',	26.5,	128,	'2025-06-23 14:07:29',	'Khám định kỳ'),
(52,	345,	'Dị ứng hải sản',	'Không',	'Đã từng điều trị viêm họng năm 2022',	'Trái: 9/10, Phải: 10/10',	'Bình thường',	35,	135,	'2025-07-01 22:08:08',	'Sức khỏe ổn định. Cần theo dõi dị ứng khi ăn bán trú.');

DROP TABLE IF EXISTS `medical_request`;
CREATE TABLE `medical_request` (
  `request_id` int NOT NULL AUTO_INCREMENT,
  `request_name` varchar(100) DEFAULT NULL,
  `date` date DEFAULT NULL,
  `note` varchar(500) CHARACTER SET utf8mb4 COLLATE utf8mb4_0900_ai_ci DEFAULT NULL,
  `status` varchar(50) DEFAULT 'PROCESSING',
  `student_id` int DEFAULT NULL,
  `parent_id` int DEFAULT NULL,
  `reason_rejected` varchar(500) CHARACTER SET utf8mb4 COLLATE utf8mb4_0900_ai_ci DEFAULT NULL,
  PRIMARY KEY (`request_id`),
  KEY `student_id` (`student_id`),
  KEY `parent_id` (`parent_id`),
  CONSTRAINT `medical_request_ibfk_1` FOREIGN KEY (`student_id`) REFERENCES `student` (`student_id`) ON DELETE CASCADE,
  CONSTRAINT `medical_request_ibfk_2` FOREIGN KEY (`parent_id`) REFERENCES `users` (`user_id`) ON DELETE CASCADE,
  CONSTRAINT `chk_status` CHECK ((`status` in (_utf8mb4'SUBMITTED',_utf8mb4'COMPLETED',_utf8mb4'PROCESSING',_utf8mb4'CANCELLED')))
) ENGINE=InnoDB DEFAULT CHARSET=utf8mb4 COLLATE=utf8mb4_0900_ai_ci;

INSERT INTO `medical_request` (`request_id`, `request_name`, `date`, `note`, `status`, `student_id`, `parent_id`, `reason_rejected`) VALUES
(150792,	'Yêu cầu cấp phát thuốc',	'2025-06-18',	'Học sinh bị sốt nhẹ, cần uống thuốc theo đơn',	'SUBMITTED',	209,	1,	NULL),
(150793,	'Yêu cầu phát thuốc',	'2025-06-10',	'Bé ho và chảy mũi',	'PROCESSING',	304,	11,	NULL),
(150794,	'Khám tai mũi họng',	'2025-06-11',	'Có dấu hiệu viêm mũi',	'SUBMITTED',	305,	12,	NULL),
(150795,	'Khám sốt nhẹ',	'2025-06-12',	'Bé bị sốt nhẹ từ tối qua',	'COMPLETED',	306,	13,	NULL),
(150796,	'Đơn thuốc hạ sốt',	'2025-06-13',	'Mong được phát thuốc Paracetamol',	'PROCESSING',	307,	14,	NULL),
(150797,	'Yêu cầu kiểm tra tiêu hóa',	'2025-06-14',	'Đau bụng sáng nay',	'SUBMITTED',	308,	15,	NULL),
(150798,	'Phát thuốc ho',	'2025-06-15',	'Ho khan kéo dài',	'PROCESSING',	309,	16,	NULL),
(150799,	'Yêu cầu thăm khám',	'2025-06-15',	'Bé kêu chóng mặt',	'COMPLETED',	310,	17,	NULL),
(150800,	'Khám tổng quát',	'2025-06-16',	'Kiểm tra sức khỏe định kỳ',	'SUBMITTED',	311,	18,	NULL),
(150801,	'Cấp thuốc dị ứng',	'2025-06-16',	'Dị ứng nhẹ sau bữa ăn',	'PROCESSING',	312,	19,	NULL),
(150802,	'Yêu cầu kiểm tra mắt',	'2025-06-17',	'Nhìn mờ trên lớp',	'SUBMITTED',	313,	20,	NULL),
(150803,	'Khám hô hấp',	'2025-06-18',	'Thở khò khè nhẹ',	'PROCESSING',	314,	21,	NULL),
(150804,	'Kiểm tra tai',	'2025-06-18',	'Đau tai trái',	'COMPLETED',	315,	22,	NULL),
(150805,	'Yêu cầu thuốc tiêu hóa',	'2025-06-19',	'Khó tiêu sau ăn',	'SUBMITTED',	316,	23,	NULL),
(150806,	'Cấp thuốc dị ứng',	'2025-06-19',	'Nổi mẩn ở tay',	'PROCESSING',	317,	24,	NULL),
(150807,	'Khám da liễu',	'2025-06-20',	'Mụn đỏ vùng mặt',	'COMPLETED',	318,	25,	NULL);

DROP TABLE IF EXISTS `medical_request_detail`;
CREATE TABLE `medical_request_detail` (
  `detail_id` int NOT NULL AUTO_INCREMENT,
  `medicine_name` varchar(100) DEFAULT NULL,
  `dosage` varchar(100) DEFAULT NULL,
  `time` varchar(200) DEFAULT NULL,
  `request_id` int DEFAULT NULL,
  PRIMARY KEY (`detail_id`),
  KEY `request_id` (`request_id`),
  CONSTRAINT `medical_request_detail_ibfk_1` FOREIGN KEY (`request_id`) REFERENCES `medical_request` (`request_id`) ON DELETE CASCADE
) ENGINE=InnoDB DEFAULT CHARSET=utf8mb4 COLLATE=utf8mb4_0900_ai_ci;

INSERT INTO `medical_request_detail` (`detail_id`, `medicine_name`, `dosage`, `time`, `request_id`) VALUES
(150794,	'Paracetamol 500mg',	'1 viên',	'Sáng sau ăn',	150792),
(150795,	'Vitamin C',	'1 viên',	'Chiều sau ăn',	150792),
(150796,	'Paracetamol 250mg',	'1 viên',	'Sáng, chiều',	150793),
(150797,	'Xịt mũi Natri Clorid 0.9%',	'2 lần/ngày',	'Sáng và tối',	150794),
(150798,	'Thuốc hạ sốt Hapacol',	'1 viên 250mg',	'Khi sốt trên 38.5°C',	150795),
(150799,	'Paracetamol gói bột',	'1 gói',	'Sau ăn sáng và tối',	150796),
(150800,	'Men tiêu hóa Lactomin',	'1 gói',	'Trước bữa ăn',	150797),
(150801,	'Siro ho Prospan',	'5ml',	'3 lần/ngày sau ăn',	150798),
(150802,	'Oresol',	'1 gói pha nước',	'Uống từng ngụm nhỏ, 3 lần/ngày',	150799),
(150803,	'Vitamin C 100mg',	'1 viên',	'Sáng sau ăn',	150800),
(150804,	'Thuốc dị ứng Clorpheniramin',	'1 viên',	'Tối trước khi ngủ',	150801),
(150805,	'Thuốc nhỏ mắt V-Rohto',	'2 giọt',	'Sáng và tối',	150802),
(150806,	'Dung dịch súc miệng Betadine',	'10ml',	'Sau bữa ăn trưa và tối',	150803),
(150807,	'Thuốc nhỏ tai Otipax',	'2 giọt',	'3 lần/ngày',	150804),
(150808,	'Thuốc tiêu hóa Enterogermina',	'1 ống',	'Sáng sau ăn',	150805),
(150809,	'Viên dị ứng Telfast',	'1 viên',	'Tối sau ăn',	150806),
(150810,	'Kem bôi trị viêm da Fucicort',	'Bôi mỏng',	'2 lần/ngày',	150807);

DROP TABLE IF EXISTS `notification`;
CREATE TABLE `notification` (
  `id` int NOT NULL AUTO_INCREMENT,
  `user_id` int NOT NULL,
  `title` varchar(255) NOT NULL,
  `content` text,
  `form_type` varchar(50) DEFAULT NULL,
  `form_id` bigint DEFAULT NULL,
  `created_at` datetime DEFAULT CURRENT_TIMESTAMP,
  `is_read` tinyint(1) NOT NULL DEFAULT '0',
  PRIMARY KEY (`id`),
  KEY `fk_notification_user` (`user_id`),
  CONSTRAINT `fk_notification_user` FOREIGN KEY (`user_id`) REFERENCES `users` (`user_id`) ON DELETE CASCADE
) ENGINE=InnoDB DEFAULT CHARSET=utf8mb4 COLLATE=utf8mb4_0900_ai_ci;

INSERT INTO `notification` (`id`, `user_id`, `title`, `content`, `form_type`, `form_id`, `created_at`, `is_read`) VALUES
(1,	11,	'Kết quả khám sức khỏe của bé đã sẵn sàng',	'Vui lòng kiểm tra kết quả khám sức khỏe gần nhất.',	'HEALTH',	1004,	'2025-06-23 14:45:08',	0),
(2,	12,	'Kết quả khám sức khỏe của bé đã sẵn sàng',	'Vui lòng kiểm tra kết quả khám sức khỏe gần nhất.',	'HEALTH',	1005,	'2025-06-23 14:45:08',	0),
(3,	13,	'Kết quả khám sức khỏe của bé đã sẵn sàng',	'Vui lòng kiểm tra kết quả khám sức khỏe gần nhất.',	'HEALTH',	1006,	'2025-06-23 14:45:08',	0),
(4,	14,	'Kết quả khám sức khỏe của bé đã sẵn sàng',	'Vui lòng kiểm tra kết quả khám sức khỏe gần nhất.',	'HEALTH',	1007,	'2025-06-23 14:45:08',	0),
(5,	15,	'Kết quả khám sức khỏe của bé đã sẵn sàng',	'Vui lòng kiểm tra kết quả khám sức khỏe gần nhất.',	'HEALTH',	1008,	'2025-06-23 14:45:08',	0),
(6,	16,	'Kết quả khám sức khỏe của bé đã sẵn sàng',	'Vui lòng kiểm tra kết quả khám sức khỏe gần nhất.',	'HEALTH',	1009,	'2025-06-23 14:45:08',	0),
(7,	17,	'Kết quả khám sức khỏe của bé đã sẵn sàng',	'Vui lòng kiểm tra kết quả khám sức khỏe gần nhất.',	'HEALTH',	1010,	'2025-06-23 14:45:08',	0),
(8,	18,	'Kết quả khám sức khỏe của bé đã sẵn sàng',	'Vui lòng kiểm tra kết quả khám sức khỏe gần nhất.',	'HEALTH',	1011,	'2025-06-23 14:45:08',	0),
(9,	19,	'Kết quả khám sức khỏe của bé đã sẵn sàng',	'Vui lòng kiểm tra kết quả khám sức khỏe gần nhất.',	'HEALTH',	1012,	'2025-06-23 14:45:08',	0),
(10,	20,	'Kết quả khám sức khỏe của bé đã sẵn sàng',	'Vui lòng kiểm tra kết quả khám sức khỏe gần nhất.',	'HEALTH',	1013,	'2025-06-23 14:45:08',	0),
(11,	21,	'Kết quả khám sức khỏe của bé đã sẵn sàng',	'Vui lòng kiểm tra kết quả khám sức khỏe gần nhất.',	'HEALTH',	1014,	'2025-06-23 14:45:08',	0),
(12,	22,	'Kết quả khám sức khỏe của bé đã sẵn sàng',	'Vui lòng kiểm tra kết quả khám sức khỏe gần nhất.',	'HEALTH',	1015,	'2025-06-23 14:45:08',	0),
(13,	23,	'Kết quả khám sức khỏe của bé đã sẵn sàng',	'Vui lòng kiểm tra kết quả khám sức khỏe gần nhất.',	'HEALTH',	1016,	'2025-06-23 14:45:08',	0),
(14,	24,	'Kết quả khám sức khỏe của bé đã sẵn sàng',	'Vui lòng kiểm tra kết quả khám sức khỏe gần nhất.',	'HEALTH',	1017,	'2025-06-23 14:45:08',	0),
(15,	25,	'Kết quả khám sức khỏe của bé đã sẵn sàng',	'Vui lòng kiểm tra kết quả khám sức khỏe gần nhất.',	'HEALTH',	1018,	'2025-06-23 14:45:08',	0),
(16,	26,	'Kết quả khám sức khỏe của bé đã sẵn sàng',	'Vui lòng kiểm tra kết quả khám sức khỏe gần nhất.',	'HEALTH',	1019,	'2025-06-23 14:45:08',	0),
(17,	27,	'Kết quả khám sức khỏe của bé đã sẵn sàng',	'Vui lòng kiểm tra kết quả khám sức khỏe gần nhất.',	'HEALTH',	1020,	'2025-06-23 14:45:08',	0),
(18,	28,	'Kết quả khám sức khỏe của bé đã sẵn sàng',	'Vui lòng kiểm tra kết quả khám sức khỏe gần nhất.',	'HEALTH',	1021,	'2025-06-23 14:45:08',	0),
(19,	29,	'Kết quả khám sức khỏe của bé đã sẵn sàng',	'Vui lòng kiểm tra kết quả khám sức khỏe gần nhất.',	'HEALTH',	1022,	'2025-06-23 14:45:08',	0),
(20,	30,	'Kết quả khám sức khỏe của bé đã sẵn sàng',	'Vui lòng kiểm tra kết quả khám sức khỏe gần nhất.',	'HEALTH',	1023,	'2025-06-23 14:45:08',	0),
(21,	31,	'Kết quả khám sức khỏe của bé đã sẵn sàng',	'Vui lòng kiểm tra kết quả khám sức khỏe gần nhất.',	'HEALTH',	1024,	'2025-06-23 14:45:08',	0),
(22,	32,	'Kết quả khám sức khỏe của bé đã sẵn sàng',	'Vui lòng kiểm tra kết quả khám sức khỏe gần nhất.',	'HEALTH',	1025,	'2025-06-23 14:45:08',	0),
(23,	33,	'Kết quả khám sức khỏe của bé đã sẵn sàng',	'Vui lòng kiểm tra kết quả khám sức khỏe gần nhất.',	'HEALTH',	1026,	'2025-06-23 14:45:08',	0),
(24,	34,	'Kết quả khám sức khỏe của bé đã sẵn sàng',	'Vui lòng kiểm tra kết quả khám sức khỏe gần nhất.',	'HEALTH',	1027,	'2025-06-23 14:45:08',	0),
(25,	35,	'Kết quả khám sức khỏe của bé đã sẵn sàng',	'Vui lòng kiểm tra kết quả khám sức khỏe gần nhất.',	'HEALTH',	1028,	'2025-06-23 14:45:08',	0),
(26,	36,	'Kết quả khám sức khỏe của bé đã sẵn sàng',	'Vui lòng kiểm tra kết quả khám sức khỏe gần nhất.',	'HEALTH',	1029,	'2025-06-23 14:45:08',	0),
(27,	37,	'Kết quả khám sức khỏe của bé đã sẵn sàng',	'Vui lòng kiểm tra kết quả khám sức khỏe gần nhất.',	'HEALTH',	1030,	'2025-06-23 14:45:08',	0),
(28,	38,	'Kết quả khám sức khỏe của bé đã sẵn sàng',	'Vui lòng kiểm tra kết quả khám sức khỏe gần nhất.',	'HEALTH',	1031,	'2025-06-23 14:45:08',	0),
(29,	39,	'Kết quả khám sức khỏe của bé đã sẵn sàng',	'Vui lòng kiểm tra kết quả khám sức khỏe gần nhất.',	'HEALTH',	1032,	'2025-06-23 14:45:08',	0),
(30,	40,	'Kết quả khám sức khỏe của bé đã sẵn sàng',	'Vui lòng kiểm tra kết quả khám sức khỏe gần nhất.',	'HEALTH',	1033,	'2025-06-23 14:45:08',	0),
(31,	41,	'Kết quả khám sức khỏe của bé đã sẵn sàng',	'Vui lòng kiểm tra kết quả khám sức khỏe gần nhất.',	'HEALTH',	1034,	'2025-06-23 14:45:08',	0),
(32,	42,	'Kết quả khám sức khỏe của bé đã sẵn sàng',	'Vui lòng kiểm tra kết quả khám sức khỏe gần nhất.',	'HEALTH',	1035,	'2025-06-23 14:45:08',	0),
(33,	43,	'Kết quả khám sức khỏe của bé đã sẵn sàng',	'Vui lòng kiểm tra kết quả khám sức khỏe gần nhất.',	'HEALTH',	1036,	'2025-06-23 14:45:08',	0),
(34,	44,	'Kết quả khám sức khỏe của bé đã sẵn sàng',	'Vui lòng kiểm tra kết quả khám sức khỏe gần nhất.',	'HEALTH',	1037,	'2025-06-23 14:45:08',	0),
(35,	45,	'Kết quả khám sức khỏe của bé đã sẵn sàng',	'Vui lòng kiểm tra kết quả khám sức khỏe gần nhất.',	'HEALTH',	1038,	'2025-06-23 14:45:08',	0),
(36,	46,	'Kết quả khám sức khỏe của bé đã sẵn sàng',	'Vui lòng kiểm tra kết quả khám sức khỏe gần nhất.',	'HEALTH',	1039,	'2025-06-23 14:45:08',	0),
(37,	47,	'Kết quả khám sức khỏe của bé đã sẵn sàng',	'Vui lòng kiểm tra kết quả khám sức khỏe gần nhất.',	'HEALTH',	1040,	'2025-06-23 14:45:08',	0),
(38,	48,	'Kết quả khám sức khỏe của bé đã sẵn sàng',	'Vui lòng kiểm tra kết quả khám sức khỏe gần nhất.',	'HEALTH',	1041,	'2025-06-23 14:45:08',	0),
(39,	49,	'Kết quả khám sức khỏe của bé đã sẵn sàng',	'Vui lòng kiểm tra kết quả khám sức khỏe gần nhất.',	'HEALTH',	1042,	'2025-06-23 14:45:08',	0),
(40,	50,	'Kết quả khám sức khỏe của bé đã sẵn sàng',	'Vui lòng kiểm tra kết quả khám sức khỏe gần nhất.',	'HEALTH',	1043,	'2025-06-23 14:45:08',	0),
(41,	11,	'Thông báo kết quả tiêm chủng',	'Kết quả tiêm chủng của học sinh đã được cập nhật.',	'VACCINE_FORM',	303,	'2025-06-23 14:58:33',	0),
(42,	12,	'Thông báo kết quả tiêm chủng',	'Kết quả đã sẵn sàng để xem.',	'VACCINE_FORM',	304,	'2025-06-23 14:58:33',	1),
(43,	13,	'Thông báo kết quả tiêm chủng',	'Vui lòng kiểm tra phản hồi từ y tế.',	'VACCINE_FORM',	305,	'2025-06-23 14:58:33',	0),
(44,	14,	'Thông báo kết quả tiêm chủng',	'Học sinh đã được tiêm và theo dõi.',	'VACCINE_FORM',	306,	'2025-06-23 14:58:33',	1),
(45,	15,	'Thông báo kết quả tiêm chủng',	'Mời phụ huynh xem lại thông tin tiêm.',	'VACCINE_FORM',	307,	'2025-06-23 14:58:33',	0),
(46,	16,	'Thông báo kết quả tiêm chủng',	'Không có phản ứng sau tiêm.',	'VACCINE_FORM',	308,	'2025-06-23 14:58:33',	1),
(47,	17,	'Thông báo kết quả tiêm chủng',	'Phản ứng sau tiêm đã được ghi nhận.',	'VACCINE_FORM',	309,	'2025-06-23 14:58:33',	0),
(48,	18,	'Thông báo kết quả tiêm chủng',	'Kết quả đã được cập nhật trong hệ thống.',	'VACCINE_FORM',	310,	'2025-06-23 14:58:33',	1),
(49,	19,	'Thông báo kết quả tiêm chủng',	'Mời quý phụ huynh xem thông tin chi tiết.',	'VACCINE_FORM',	311,	'2025-06-23 14:58:33',	0),
(50,	20,	'Thông báo kết quả tiêm chủng',	'Học sinh khỏe mạnh sau tiêm.',	'VACCINE_FORM',	312,	'2025-06-23 14:58:33',	1),
(51,	21,	'Thông báo kết quả tiêm chủng',	'Không có bất thường nào được ghi nhận.',	'VACCINE_FORM',	313,	'2025-06-23 14:58:33',	0),
(52,	22,	'Thông báo kết quả tiêm chủng',	'Đã cập nhật dữ liệu tiêm chủng.',	'VACCINE_FORM',	314,	'2025-06-23 14:58:33',	1),
(53,	23,	'Thông báo kết quả tiêm chủng',	'Phụ huynh có thể liên hệ để biết thêm chi tiết.',	'VACCINE_FORM',	315,	'2025-06-23 14:58:33',	0),
(54,	24,	'Thông báo kết quả tiêm chủng',	'Đã ghi nhận phản hồi từ phụ huynh.',	'VACCINE_FORM',	316,	'2025-06-23 14:58:33',	1),
(55,	25,	'Thông báo kết quả tiêm chủng',	'Thông tin tiêm chủng đã đầy đủ.',	'VACCINE_FORM',	317,	'2025-06-23 14:58:33',	0),
(56,	26,	'Thông báo kết quả tiêm chủng',	'Đề nghị kiểm tra phản ứng sau tiêm.',	'VACCINE_FORM',	318,	'2025-06-23 14:58:33',	1),
(57,	27,	'Thông báo kết quả tiêm chủng',	'Kết quả có sẵn trong hệ thống.',	'VACCINE_FORM',	319,	'2025-06-23 14:58:33',	0),
(58,	28,	'Thông báo kết quả tiêm chủng',	'Đã xác nhận hoàn thành tiêm.',	'VACCINE_FORM',	320,	'2025-06-23 14:58:33',	1),
(59,	29,	'Thông báo kết quả tiêm chủng',	'Thông báo nhắc lại về việc theo dõi sau tiêm.',	'VACCINE_FORM',	321,	'2025-06-23 14:58:33',	0),
(60,	30,	'Thông báo kết quả tiêm chủng',	'Đã nhận phản hồi từ y tá.',	'VACCINE_FORM',	322,	'2025-06-23 14:58:33',	1),
(61,	31,	'Thông báo kết quả tiêm chủng',	'Mọi thông tin đã được lưu trữ.',	'VACCINE_FORM',	323,	'2025-06-23 14:58:33',	0),
(62,	32,	'Thông báo kết quả tiêm chủng',	'Không có bất thường nào được ghi nhận.',	'VACCINE_FORM',	324,	'2025-06-23 14:58:33',	1),
(63,	33,	'Thông báo kết quả tiêm chủng',	'Mời phụ huynh xác nhận lại thông tin.',	'VACCINE_FORM',	325,	'2025-06-23 14:58:33',	0),
(64,	34,	'Thông báo kết quả tiêm chủng',	'Bé có biểu hiện sốt nhẹ, đã theo dõi.',	'VACCINE_FORM',	326,	'2025-06-23 14:58:33',	1),
(65,	35,	'Thông báo kết quả tiêm chủng',	'Phản ứng nhẹ đã hết.',	'VACCINE_FORM',	327,	'2025-06-23 14:58:33',	0),
(66,	36,	'Thông báo kết quả tiêm chủng',	'Y tá đã cập nhật thông tin.',	'VACCINE_FORM',	328,	'2025-06-23 14:58:33',	1),
(67,	37,	'Thông báo kết quả tiêm chủng',	'Cần theo dõi thêm 24h.',	'VACCINE_FORM',	329,	'2025-06-23 14:58:33',	0),
(68,	38,	'Thông báo kết quả tiêm chủng',	'Mọi phản ứng đều trong giới hạn an toàn.',	'VACCINE_FORM',	330,	'2025-06-23 14:58:33',	1),
(69,	39,	'Thông báo kết quả tiêm chủng',	'Mời quý phụ huynh đọc báo cáo.',	'VACCINE_FORM',	331,	'2025-06-23 14:58:33',	0),
(70,	40,	'Thông báo kết quả tiêm chủng',	'Chúc bé luôn khỏe mạnh.',	'VACCINE_FORM',	332,	'2025-06-23 14:58:33',	1),
(71,	41,	'Thông báo kết quả tiêm chủng',	'Hệ thống đã cập nhật kết quả tiêm.',	'VACCINE_FORM',	333,	'2025-06-23 14:58:33',	0),
(72,	42,	'Thông báo kết quả tiêm chủng',	'Không có gì bất thường.',	'VACCINE_FORM',	334,	'2025-06-23 14:58:33',	1),
(73,	43,	'Thông báo kết quả tiêm chủng',	'Kết quả đã được xác nhận.',	'VACCINE_FORM',	335,	'2025-06-23 14:58:33',	0),
(74,	44,	'Thông báo kết quả tiêm chủng',	'Y tá đã gửi kết quả tiêm chủng.',	'VACCINE_FORM',	336,	'2025-06-23 14:58:33',	1),
(75,	45,	'Thông báo kết quả tiêm chủng',	'Thông tin chi tiết đã gửi qua hệ thống.',	'VACCINE_FORM',	337,	'2025-06-23 14:58:33',	0),
(76,	46,	'Thông báo kết quả tiêm chủng',	'Vui lòng xác nhận lại thông tin.',	'VACCINE_FORM',	338,	'2025-06-23 14:58:33',	1),
(77,	47,	'Thông báo kết quả tiêm chủng',	'Không phản ứng, bé hoàn toàn khỏe mạnh.',	'VACCINE_FORM',	339,	'2025-06-23 14:58:33',	0),
(78,	48,	'Thông báo kết quả tiêm chủng',	'Đã gửi nhắc nhở theo dõi.',	'VACCINE_FORM',	340,	'2025-06-23 14:58:33',	1),
(79,	49,	'Thông báo kết quả tiêm chủng',	'Kết quả tốt, bé khỏe.',	'VACCINE_FORM',	341,	'2025-06-23 14:58:33',	0),
(80,	50,	'Thông báo kết quả tiêm chủng',	'Không có phản ứng nào sau tiêm.',	'VACCINE_FORM',	342,	'2025-06-23 14:58:33',	1);

DROP TABLE IF EXISTS `refresh_token`;
CREATE TABLE `refresh_token` (
  `id` int NOT NULL AUTO_INCREMENT,
  `refresh_token` varchar(255) NOT NULL,
  `expiry_date` datetime NOT NULL,
  `created_at` datetime DEFAULT CURRENT_TIMESTAMP,
  `updated_at` datetime DEFAULT CURRENT_TIMESTAMP ON UPDATE CURRENT_TIMESTAMP,
  `user_id` int DEFAULT NULL,
  PRIMARY KEY (`id`),
  UNIQUE KEY `refresh_token` (`refresh_token`),
  UNIQUE KEY `user_id` (`user_id`),
  CONSTRAINT `fk_refresh_token_user` FOREIGN KEY (`user_id`) REFERENCES `users` (`user_id`) ON DELETE CASCADE ON UPDATE RESTRICT
) ENGINE=InnoDB DEFAULT CHARSET=utf8mb4 COLLATE=utf8mb4_0900_ai_ci;

INSERT INTO `refresh_token` (`id`, `refresh_token`, `expiry_date`, `created_at`, `updated_at`, `user_id`) VALUES
(2,	'88b3dca1-7bb9-4496-8939-c1a32c4cd708',	'2025-06-18 02:55:34',	'2025-06-07 21:30:59',	'2025-06-11 02:55:34',	1),
(3,	'eaf1b115-3e89-4a9f-99c3-e54182513b74',	'2025-06-18 03:41:46',	'2025-06-07 21:31:29',	'2025-06-11 03:41:46',	2),
(4,	'76a09f59-ee59-4a56-bc40-02ddef71b7dc',	'2025-06-18 02:57:39',	'2025-06-07 21:32:02',	'2025-06-11 02:57:39',	3),
(5,	'6b730114-918e-4654-ac05-56be5e9167ac',	'2025-06-18 02:58:04',	'2025-06-07 21:32:44',	'2025-06-11 02:58:04',	4),
(6,	'8161c7e2-0318-4cc1-b2ca-fc0c0e5bb011',	'2025-06-18 03:00:03',	'2025-06-07 21:33:12',	'2025-06-11 03:00:03',	5),
(7,	'2cc987b5-3514-4432-a81a-60a1d0e57f02',	'2025-06-18 03:00:30',	'2025-06-07 21:33:35',	'2025-06-11 03:00:30',	6),
(8,	'b73a8475-85d5-454a-98dc-8bf70941b530',	'2025-06-18 03:00:53',	'2025-06-07 21:33:59',	'2025-06-11 03:00:53',	7),
(9,	'8574a965-59a8-4ba8-ba9c-f81500d234ac',	'2025-06-30 07:51:32',	'2025-06-07 21:34:25',	'2025-06-23 07:51:32',	8),
(10,	'62046d5f-4c4f-4566-a458-f4652a931302',	'2025-06-25 16:06:04',	'2025-06-07 21:34:51',	'2025-06-18 16:06:04',	9),
(11,	'a555b1fd-5ac5-4c30-bfb2-77c7a1bfc488',	'2025-06-25 19:42:21',	'2025-06-07 21:35:16',	'2025-06-18 19:42:21',	10),
(17,	'940ffd33-defa-4be1-af8a-61cb70eab77b',	'2025-07-08 17:18:12',	'2025-07-01 14:04:38',	'2025-07-01 17:18:12',	54),
(18,	'1f7dbbf0-5080-464c-adc5-059d41d4bb5b',	'2025-07-08 21:47:21',	'2025-07-01 19:43:07',	'2025-07-01 21:47:22',	55);

DROP TABLE IF EXISTS `student`;
CREATE TABLE `student` (
  `student_id` int NOT NULL AUTO_INCREMENT,
  `avatar_url` varchar(255) DEFAULT NULL,
  `student_name` varchar(100) NOT NULL,
  `dob` date DEFAULT NULL,
  `gender` varchar(10) DEFAULT NULL,
  `relationship` varchar(50) DEFAULT NULL,
  `class_id` int DEFAULT NULL,
  `parent_id` int DEFAULT NULL,
  PRIMARY KEY (`student_id`),
  KEY `class_id` (`class_id`),
  KEY `parent_id` (`parent_id`),
  CONSTRAINT `student_ibfk_1` FOREIGN KEY (`class_id`) REFERENCES `class` (`class_id`) ON DELETE CASCADE,
  CONSTRAINT `student_ibfk_2` FOREIGN KEY (`parent_id`) REFERENCES `users` (`user_id`) ON DELETE CASCADE
) ENGINE=InnoDB DEFAULT CHARSET=utf8mb4 COLLATE=utf8mb4_0900_ai_ci;

INSERT INTO `student` (`student_id`, `avatar_url`, `student_name`, `dob`, `gender`, `relationship`, `class_id`, `parent_id`) VALUES
(205,	NULL,	'Trần Thị 2',	'2011-09-15',	'Nữ',	'Con gái',	1,	7),
(206,	NULL,	'Lê Hoàng 3',	'2012-03-22',	'Nam',	'Con trai',	2,	2),
(207,	NULL,	'Phạm Minh 4',	'2011-12-10',	'Nam',	'Con trai',	1,	9),
(208,	NULL,	'Hoàng Thị 5',	'2012-07-18',	'Nữ',	'Con gái',	3,	4),
(209,	NULL,	'Vũ Đức 6',	'2011-05-30',	'Nam',	'Con trai',	2,	10),
(210,	NULL,	'Đặng Lan 7',	'2012-11-25',	'Nữ',	'Con gái',	1,	6),
(211,	NULL,	'Bùi Văn 8',	'2011-08-14',	'Nam',	'Con trai',	3,	8),
(212,	NULL,	'Ngô Thị 9',	'2012-02-28',	'Nữ',	'Con gái',	2,	5),
(213,	NULL,	'Dương Hữu 10',	'2011-10-12',	'Nam',	'Con trai',	1,	10),
(214,	NULL,	'Lý Thị 11',	'2012-06-05',	'Nữ',	'Con gái',	3,	3),
(215,	NULL,	'Trịnh Văn 12',	'2011-04-17',	'Nam',	'Con trai',	2,	7),
(216,	NULL,	'Võ Minh 13',	'2012-09-23',	'Nam',	'Con trai',	1,	1),
(217,	NULL,	'Phan Thị 14',	'2011-07-08',	'Nữ',	'Con gái',	3,	4),
(218,	NULL,	'Tạ Đức 15',	'2012-12-31',	'Nam',	'Con trai',	2,	9),
(219,	NULL,	'Mai Lan 16',	'2011-03-15',	'Nữ',	'Con gái',	1,	2),
(220,	NULL,	'Chu Văn 17',	'2012-08-07',	'Nam',	'Con trai',	3,	6),
(221,	NULL,	'Đỗ Thị 18',	'2011-11-20',	'Nữ',	'Con gái',	2,	8),
(222,	NULL,	'Cao Hữu 19',	'2012-04-03',	'Nam',	'Con trai',	1,	5),
(223,	NULL,	'Lâm Thị 20',	'2011-06-26',	'Nữ',	'Con gái',	3,	10),
(224,	NULL,	'Đinh Văn 21',	'2012-01-14',	'Nam',	'Con trai',	2,	3),
(225,	NULL,	'Hồ Minh 22',	'2011-05-29',	'Nam',	'Con trai',	1,	7),
(226,	NULL,	'Kiều Thị 23',	'2012-10-11',	'Nữ',	'Con gái',	3,	1),
(227,	NULL,	'Lưu Đức 24',	'2011-12-24',	'Nam',	'Con trai',	2,	4),
(228,	NULL,	'Mạch Lan 25',	'2012-07-16',	'Nữ',	'Con gái',	1,	9),
(229,	NULL,	'Ninh Văn 26',	'2011-02-09',	'Nam',	'Con trai',	3,	2),
(230,	NULL,	'Ông Thị 27',	'2012-09-01',	'Nữ',	'Con gái',	2,	6),
(231,	NULL,	'Quách Hữu 28',	'2011-04-25',	'Nam',	'Con trai',	1,	8),
(232,	NULL,	'Rồng Thị 29',	'2012-11-18',	'Nữ',	'Con gái',	3,	5),
(233,	NULL,	'Sử Văn 30',	'2011-08-02',	'Nam',	'Con trai',	2,	10),
(234,	NULL,	'Thái Minh 31',	'2012-03-27',	'Nam',	'Con trai',	1,	3),
(235,	NULL,	'Ưng Thị 32',	'2011-06-19',	'Nữ',	'Con gái',	3,	7),
(236,	NULL,	'Văn Đức 33',	'2012-12-05',	'Nam',	'Con trai',	2,	1),
(237,	NULL,	'Xa Lan 34',	'2011-01-28',	'Nữ',	'Con gái',	1,	4),
(238,	NULL,	'Yên Văn 35',	'2012-05-21',	'Nam',	'Con trai',	3,	9),
(239,	NULL,	'Âu Thị 36',	'2011-10-13',	'Nữ',	'Con gái',	2,	2),
(240,	NULL,	'Ấu Hữu 37',	'2012-08-30',	'Nam',	'Con trai',	1,	6),
(241,	NULL,	'Bạch Thị 38',	'2011-03-06',	'Nữ',	'Con gái',	3,	8),
(242,	NULL,	'Cung Văn 39',	'2012-11-22',	'Nam',	'Con trai',	2,	5),
(243,	NULL,	'Đàm Minh 40',	'2011-07-15',	'Nam',	'Con trai',	1,	10),
(244,	NULL,	'Én Thị 41',	'2012-02-12',	'Nữ',	'Con gái',	3,	3),
(245,	NULL,	'Phùng Đức 42',	'2011-09-28',	'Nam',	'Con trai',	2,	7),
(246,	NULL,	'Giang Lan 43',	'2012-06-14',	'Nữ',	'Con gái',	1,	1),
(247,	NULL,	'Hà Văn 44',	'2011-12-07',	'Nam',	'Con trai',	3,	4),
(248,	NULL,	'Ỉn Thị 45',	'2012-04-26',	'Nữ',	'Con gái',	2,	9),
(249,	NULL,	'Kha Hữu 46',	'2011-11-11',	'Nam',	'Con trai',	1,	2),
(250,	NULL,	'Long Thị 47',	'2012-08-04',	'Nữ',	'Con gái',	3,	6),
(251,	NULL,	'Mã Văn 48',	'2011-05-18',	'Nam',	'Con trai',	2,	8),
(252,	NULL,	'Nông Minh 49',	'2012-01-31',	'Nam',	'Con trai',	1,	5),
(253,	NULL,	'Ô Thị 50',	'2011-10-24',	'Nữ',	'Con gái',	3,	10),
(254,	NULL,	'Pù Đức 51',	'2012-07-09',	'Nam',	'Con trai',	2,	3),
(255,	NULL,	'Quế Lan 52',	'2011-04-02',	'Nữ',	'Con gái',	1,	7),
(256,	NULL,	'Sơn Văn 53',	'2012-12-18',	'Nam',	'Con trai',	3,	1),
(257,	NULL,	'Tôn Thị 54',	'2011-06-11',	'Nữ',	'Con gái',	2,	4),
(258,	NULL,	'Ung Hữu 55',	'2012-03-05',	'Nam',	'Con trai',	1,	9),
(259,	NULL,	'Vương Thị 56',	'2011-09-21',	'Nữ',	'Con gái',	3,	2),
(260,	NULL,	'Xương Văn 57',	'2012-11-08',	'Nam',	'Con trai',	2,	6),
(261,	NULL,	'Yết Minh 58',	'2011-02-14',	'Nam',	'Con trai',	1,	8),
(262,	NULL,	'Ấn Thị 59',	'2012-08-27',	'Nữ',	'Con gái',	3,	5),
(263,	NULL,	'Bảo Đức 60',	'2011-05-12',	'Nam',	'Con trai',	2,	10),
(264,	NULL,	'Cam Lan 61',	'2012-01-25',	'Nữ',	'Con gái',	1,	3),
(265,	NULL,	'Đan Văn 62',	'2011-10-17',	'Nam',	'Con trai',	3,	7),
(266,	NULL,	'Êm Thị 63',	'2012-06-03',	'Nữ',	'Con gái',	2,	1),
(267,	NULL,	'Phong Hữu 64',	'2011-12-20',	'Nam',	'Con trai',	1,	4),
(268,	NULL,	'Gôn Thị 65',	'2012-09-06',	'Nữ',	'Con gái',	3,	9),
(269,	NULL,	'Hoan Văn 66',	'2011-03-30',	'Nam',	'Con trai',	2,	2),
(270,	NULL,	'Ít Minh 67',	'2012-11-15',	'Nam',	'Con trai',	1,	6),
(271,	NULL,	'Kỳ Thị 68',	'2011-07-29',	'Nữ',	'Con gái',	3,	8),
(272,	NULL,	'Lục Đức 69',	'2012-04-11',	'Nam',	'Con trai',	2,	5),
(273,	NULL,	'Mạnh Lan 70',	'2011-01-04',	'Nữ',	'Con gái',	1,	10),
(274,	NULL,	'Nghiêm Văn 71',	'2012-08-20',	'Nam',	'Con trai',	3,	3),
(275,	NULL,	'Ôn Thị 72',	'2011-06-05',	'Nữ',	'Con gái',	2,	7),
(276,	NULL,	'Pháp Hữu 73',	'2012-02-22',	'Nam',	'Con trai',	1,	1),
(277,	NULL,	'Quang Thị 74',	'2011-11-14',	'Nữ',	'Con gái',	3,	4),
(278,	NULL,	'Rạng Văn 75',	'2012-07-31',	'Nam',	'Con trai',	2,	9),
(279,	NULL,	'Sinh Minh 76',	'2011-04-16',	'Nam',	'Con trai',	1,	2),
(280,	NULL,	'Thành Thị 77',	'2012-12-03',	'Nữ',	'Con gái',	3,	6),
(281,	NULL,	'Ước Đức 78',	'2011-08-19',	'Nam',	'Con trai',	2,	8),
(282,	NULL,	'Vân Lan 79',	'2012-05-07',	'Nữ',	'Con gái',	1,	5),
(283,	NULL,	'Xuân Văn 80',	'2011-01-23',	'Nam',	'Con trai',	3,	10),
(284,	NULL,	'Ý Thị 81',	'2012-10-10',	'Nữ',	'Con gái',	2,	3),
(285,	NULL,	'Ảnh Hữu 82',	'2011-07-03',	'Nam',	'Con trai',	1,	7),
(286,	NULL,	'Bích Thị 83',	'2012-03-19',	'Nữ',	'Con gái',	3,	1),
(287,	NULL,	'Cầm Văn 84',	'2011-12-11',	'Nam',	'Con trai',	2,	4),
(288,	NULL,	'Đào Minh 85',	'2012-09-24',	'Nam',	'Con trai',	1,	9),
(289,	NULL,	'Ê Thị 86',	'2011-05-08',	'Nữ',	'Con gái',	3,	2),
(290,	NULL,	'Phúc Đức 87',	'2012-01-20',	'Nam',	'Con trai',	2,	6),
(291,	NULL,	'Gia Lan 88',	'2011-10-06',	'Nữ',	'Con gái',	1,	8),
(292,	NULL,	'Hạnh Văn 89',	'2012-06-28',	'Nam',	'Con trai',	3,	5),
(293,	NULL,	'Ích Thị 90',	'2011-02-11',	'Nữ',	'Con gái',	2,	10),
(294,	NULL,	'Kiên Hữu 91',	'2012-11-27',	'Nam',	'Con trai',	1,	3),
(295,	NULL,	'Lợi Thị 92',	'2011-08-13',	'Nữ',	'Con gái',	3,	7),
(296,	NULL,	'Minh Văn 93',	'2012-04-29',	'Nam',	'Con trai',	2,	1),
(297,	NULL,	'Nghĩa Minh 94',	'2011-01-15',	'Nam',	'Con trai',	1,	4),
(298,	NULL,	'Ơn Thị 95',	'2012-10-02',	'Nữ',	'Con gái',	3,	9),
(299,	NULL,	'Phước Đức 96',	'2011-06-18',	'Nam',	'Con trai',	2,	2),
(300,	NULL,	'Quyền Lan 97',	'2012-02-05',	'Nữ',	'Con gái',	1,	6),
(301,	NULL,	'Sáng Văn 98',	'2011-09-22',	'Nam',	'Con trai',	3,	8),
(302,	NULL,	'Thịnh Thị 99',	'2012-12-14',	'Nữ',	'Con gái',	2,	5),
(303,	NULL,	'Uyển Hữu 100',	'2011-02-11',	'Nam',	'Con trai',	1,	10),
(304,	NULL,	'Nguyễn Minh Khang',	'2014-03-15',	'Nam',	'Con trai',	4,	11),
(305,	NULL,	'Lê Hoàng Bảo',	'2015-07-22',	'Nam',	'Con trai',	4,	12),
(306,	NULL,	'Trần Nhật Minh',	'2013-11-30',	'Nam',	'Con trai',	4,	13),
(307,	NULL,	'Phạm Anh Tú',	'2014-09-12',	'Nam',	'Con trai',	4,	14),
(308,	NULL,	'Hoàng Gia Huy',	'2016-01-25',	'Nam',	'Con trai',	4,	15),
(309,	NULL,	'Đỗ Trung Kiên',	'2013-06-10',	'Nam',	'Con trai',	4,	16),
(310,	NULL,	'Ngô Minh Quân',	'2014-12-05',	'Nam',	'Con trai',	4,	17),
(311,	NULL,	'Vũ Bảo Long',	'2015-08-14',	'Nam',	'Con trai',	4,	18),
(312,	NULL,	'Mai Tuấn Khải',	'2014-04-02',	'Nam',	'Con trai',	4,	19),
(313,	NULL,	'Bùi Quốc Anh',	'2013-10-21',	'Nam',	'Con trai',	4,	20),
(314,	NULL,	'Nguyễn Ngọc Lan',	'2014-02-17',	'Nữ',	'Con gái',	4,	21),
(315,	NULL,	'Lê Khánh Linh',	'2013-09-28',	'Nữ',	'Con gái',	4,	22),
(316,	NULL,	'Trần Diệu Anh',	'2015-05-19',	'Nữ',	'Con gái',	4,	23),
(317,	NULL,	'Phạm Thảo Nhi',	'2016-03-08',	'Nữ',	'Con gái',	4,	24),
(318,	NULL,	'Hoàng Ánh Tuyết',	'2014-07-03',	'Nữ',	'Con gái',	4,	25),
(319,	NULL,	'Đỗ Hà My',	'2013-01-11',	'Nữ',	'Con gái',	4,	26),
(320,	NULL,	'Ngô Phương Thảo',	'2015-06-27',	'Nữ',	'Con gái',	4,	27),
(321,	NULL,	'Vũ Minh Châu',	'2014-12-14',	'Nữ',	'Con gái',	4,	28),
(322,	NULL,	'Mai Thanh Hà',	'2013-03-09',	'Nữ',	'Con gái',	4,	29),
(323,	NULL,	'Bùi Trúc Mai',	'2015-10-26',	'Nữ',	'Con gái',	4,	30),
(324,	NULL,	'Nguyễn Hữu Phúc',	'2014-05-30',	'Nam',	'Con trai',	4,	31),
(325,	NULL,	'Lê Minh Khôi',	'2015-01-13',	'Nam',	'Con trai',	4,	32),
(326,	NULL,	'Trần Nhật Hào',	'2016-04-07',	'Nam',	'Con trai',	4,	33),
(327,	NULL,	'Phạm Quang Vinh',	'2013-08-18',	'Nam',	'Con trai',	4,	34),
(328,	NULL,	'Hoàng Thiên Bảo',	'2014-10-05',	'Nam',	'Con trai',	4,	35),
(329,	NULL,	'Đỗ Tuấn Minh',	'2015-09-16',	'Nam',	'Con trai',	4,	36),
(330,	NULL,	'Ngô Khánh Duy',	'2016-02-04',	'Nam',	'Con trai',	4,	37),
(331,	NULL,	'Vũ Hữu Đức',	'2013-11-23',	'Nam',	'Con trai',	4,	38),
(332,	NULL,	'Mai Hưng Thịnh',	'2014-06-06',	'Nam',	'Con trai',	4,	39),
(333,	NULL,	'Bùi Công Thành',	'2015-07-29',	'Nam',	'Con trai',	4,	40),
(334,	NULL,	'Nguyễn Gia Hân',	'2014-01-09',	'Nữ',	'Con gái',	4,	41),
(335,	NULL,	'Lê Bảo Ngọc',	'2013-12-22',	'Nữ',	'Con gái',	4,	42),
(336,	NULL,	'Trần Thiên Kim',	'2015-03-18',	'Nữ',	'Con gái',	4,	43),
(337,	NULL,	'Phạm Nhã Uyên',	'2016-08-01',	'Nữ',	'Con gái',	4,	44),
(338,	NULL,	'Hoàng Minh Anh',	'2013-04-25',	'Nữ',	'Con gái',	4,	45),
(339,	NULL,	'Đỗ Yến Nhi',	'2014-09-19',	'Nữ',	'Con gái',	4,	46),
(340,	NULL,	'Ngô Hà Vy',	'2015-06-30',	'Nữ',	'Con gái',	4,	47),
(341,	NULL,	'Vũ Phương Anh',	'2016-05-11',	'Nữ',	'Con gái',	4,	48),
(342,	NULL,	'Mai Khánh Chi',	'2013-07-08',	'Nữ',	'Con gái',	4,	49),
(345,	NULL,	'123',	'2012-01-01',	'Nam',	'Con trai',	NULL,	55);

DROP TABLE IF EXISTS `users`;
CREATE TABLE `users` (
  `user_id` int NOT NULL AUTO_INCREMENT,
  `full_name` varchar(100) NOT NULL,
  `email` varchar(100) NOT NULL,
  `password` varchar(255) DEFAULT NULL,
  `phone` varchar(20) DEFAULT NULL,
  `address` varchar(200) DEFAULT NULL,
  `role` varchar(50) DEFAULT 'PARENT',
  `active` bit(1) NOT NULL,
  PRIMARY KEY (`user_id`),
  CONSTRAINT `users_chk_1` CHECK ((`role` in (_utf8mb4'PARENT',_utf8mb4'NURSE',_utf8mb4'ADMIN')))
) ENGINE=InnoDB DEFAULT CHARSET=utf8mb4 COLLATE=utf8mb4_0900_ai_ci;

INSERT INTO `users` (`user_id`, `full_name`, `email`, `password`, `phone`, `address`, `role`, `active`) VALUES
(1,	'Parent 1',	'',	'',	'0707333797',	'HCM',	'PARENT',	CONVERT(b'0', UNSIGNED)),
(2,	'Parent 2',	'',	'',	'0797687276',	'HCM',	'PARENT',	CONVERT(b'0', UNSIGNED)),
(3,	'Parent 3',	'',	'',	'0389617970',	'HCM',	'PARENT',	CONVERT(b'0', UNSIGNED)),
(4,	'Parent 4',	'',	'',	'0767988879',	'HCM',	'PARENT',	CONVERT(b'0', UNSIGNED)),
(5,	'Parent 5',	'',	'',	'0938824674',	'HCM',	'PARENT',	CONVERT(b'0', UNSIGNED)),
(6,	'Parent 6',	'',	'',	'0913538249',	'HCM',	'PARENT',	CONVERT(b'0', UNSIGNED)),
(7,	'Parent 7',	'',	'',	'0898158174',	'HCM',	'PARENT',	CONVERT(b'0', UNSIGNED)),
(8,	'Parent 8',	'nguyenhonghieutai7a9@gmail.com',	'',	'',	'HCM',	'ADMIN',	CONVERT(b'0', UNSIGNED)),
(9,	'Parent 9',	'tainhhse182011@fpt.edu.vn',	'',	'',	'HCM',	'NURSE',	CONVERT(b'0', UNSIGNED)),
(10,	'Parent 10',	'nguyenhonghieutai10cba6@gmail.com',	'',	'',	'HCM',	'PARENT',	CONVERT(b'0', UNSIGNED)),
(11,	'Nguyễn Văn A1',	'parent1@example.com',	NULL,	'0900000001',	'Hà Nội',	'PARENT',	CONVERT(b'0', UNSIGNED)),
(12,	'Nguyễn Văn A2',	'parent2@example.com',	NULL,	'0900000002',	'Hà Nội',	'PARENT',	CONVERT(b'0', UNSIGNED)),
(13,	'Nguyễn Văn A3',	'parent3@example.com',	NULL,	'0900000003',	'Hà Nội',	'PARENT',	CONVERT(b'0', UNSIGNED)),
(14,	'Nguyễn Văn A4',	'parent4@example.com',	NULL,	'0900000004',	'Hà Nội',	'PARENT',	CONVERT(b'0', UNSIGNED)),
(15,	'Nguyễn Văn A5',	'parent5@example.com',	NULL,	'0900000005',	'Hà Nội',	'PARENT',	CONVERT(b'0', UNSIGNED)),
(16,	'Nguyễn Văn A6',	'parent6@example.com',	NULL,	'0900000006',	'Hà Nội',	'PARENT',	CONVERT(b'0', UNSIGNED)),
(17,	'Nguyễn Văn A7',	'parent7@example.com',	NULL,	'0900000007',	'Hà Nội',	'PARENT',	CONVERT(b'0', UNSIGNED)),
(18,	'Nguyễn Văn A8',	'parent8@example.com',	NULL,	'0900000008',	'Hà Nội',	'PARENT',	CONVERT(b'0', UNSIGNED)),
(19,	'Nguyễn Văn A9',	'parent9@example.com',	NULL,	'0900000009',	'Hà Nội',	'PARENT',	CONVERT(b'0', UNSIGNED)),
(20,	'Nguyễn Văn A10',	'parent10@example.com',	NULL,	'0900000010',	'Hà Nội',	'PARENT',	CONVERT(b'0', UNSIGNED)),
(21,	'Nguyễn Văn A11',	'parent11@example.com',	NULL,	'0900000011',	'Hà Nội',	'PARENT',	CONVERT(b'0', UNSIGNED)),
(22,	'Nguyễn Văn A12',	'parent12@example.com',	NULL,	'0900000012',	'Hà Nội',	'PARENT',	CONVERT(b'0', UNSIGNED)),
(23,	'Nguyễn Văn A13',	'parent13@example.com',	NULL,	'0900000013',	'Hà Nội',	'PARENT',	CONVERT(b'0', UNSIGNED)),
(24,	'Nguyễn Văn A14',	'parent14@example.com',	NULL,	'0900000014',	'Hà Nội',	'PARENT',	CONVERT(b'0', UNSIGNED)),
(25,	'Nguyễn Văn A15',	'parent15@example.com',	NULL,	'0900000015',	'Hà Nội',	'PARENT',	CONVERT(b'0', UNSIGNED)),
(26,	'Nguyễn Văn A16',	'parent16@example.com',	NULL,	'0900000016',	'Hà Nội',	'PARENT',	CONVERT(b'0', UNSIGNED)),
(27,	'Nguyễn Văn A17',	'parent17@example.com',	NULL,	'0900000017',	'Hà Nội',	'PARENT',	CONVERT(b'0', UNSIGNED)),
(28,	'Nguyễn Văn A18',	'parent18@example.com',	NULL,	'0900000018',	'Hà Nội',	'PARENT',	CONVERT(b'0', UNSIGNED)),
(29,	'Nguyễn Văn A19',	'parent19@example.com',	NULL,	'0900000019',	'Hà Nội',	'PARENT',	CONVERT(b'0', UNSIGNED)),
(30,	'Nguyễn Văn A20',	'parent20@example.com',	NULL,	'0900000020',	'Hà Nội',	'PARENT',	CONVERT(b'0', UNSIGNED)),
(31,	'Nguyễn Văn A21',	'parent21@example.com',	NULL,	'0900000021',	'Hà Nội',	'PARENT',	CONVERT(b'0', UNSIGNED)),
(32,	'Nguyễn Văn A22',	'parent22@example.com',	NULL,	'0900000022',	'Hà Nội',	'PARENT',	CONVERT(b'0', UNSIGNED)),
(33,	'Nguyễn Văn A23',	'parent23@example.com',	NULL,	'0900000023',	'Hà Nội',	'PARENT',	CONVERT(b'0', UNSIGNED)),
(34,	'Nguyễn Văn A24',	'parent24@example.com',	NULL,	'0900000024',	'Hà Nội',	'PARENT',	CONVERT(b'0', UNSIGNED)),
(35,	'Nguyễn Văn A25',	'parent25@example.com',	NULL,	'0900000025',	'Hà Nội',	'PARENT',	CONVERT(b'0', UNSIGNED)),
(36,	'Nguyễn Văn A26',	'parent26@example.com',	NULL,	'0900000026',	'Hà Nội',	'PARENT',	CONVERT(b'0', UNSIGNED)),
(37,	'Nguyễn Văn A27',	'parent27@example.com',	NULL,	'0900000027',	'Hà Nội',	'PARENT',	CONVERT(b'0', UNSIGNED)),
(38,	'Nguyễn Văn A28',	'parent28@example.com',	NULL,	'0900000028',	'Hà Nội',	'PARENT',	CONVERT(b'0', UNSIGNED)),
(39,	'Nguyễn Văn A29',	'parent29@example.com',	NULL,	'0900000029',	'Hà Nội',	'PARENT',	CONVERT(b'0', UNSIGNED)),
(40,	'Nguyễn Văn A30',	'parent30@example.com',	NULL,	'0900000030',	'Hà Nội',	'PARENT',	CONVERT(b'0', UNSIGNED)),
(41,	'Nguyễn Văn A31',	'parent31@example.com',	NULL,	'0900000031',	'Hà Nội',	'PARENT',	CONVERT(b'0', UNSIGNED)),
(42,	'Nguyễn Văn A32',	'parent32@example.com',	NULL,	'0900000032',	'Hà Nội',	'PARENT',	CONVERT(b'0', UNSIGNED)),
(43,	'Nguyễn Văn A33',	'parent33@example.com',	NULL,	'0900000033',	'Hà Nội',	'PARENT',	CONVERT(b'0', UNSIGNED)),
(44,	'Nguyễn Văn A34',	'parent34@example.com',	NULL,	'0900000034',	'Hà Nội',	'PARENT',	CONVERT(b'0', UNSIGNED)),
(45,	'Nguyễn Văn A35',	'parent35@example.com',	NULL,	'0900000035',	'Hà Nội',	'PARENT',	CONVERT(b'0', UNSIGNED)),
(46,	'Nguyễn Văn A36',	'parent36@example.com',	NULL,	'0900000036',	'Hà Nội',	'PARENT',	CONVERT(b'0', UNSIGNED)),
(47,	'Nguyễn Văn A37',	'parent37@example.com',	NULL,	'0900000037',	'Hà Nội',	'PARENT',	CONVERT(b'0', UNSIGNED)),
(48,	'Nguyễn Văn A38',	'parent38@example.com',	NULL,	'0900000038',	'Hà Nội',	'PARENT',	CONVERT(b'0', UNSIGNED)),
(49,	'Nguyễn Văn A39',	'parent39@example.com',	NULL,	'0900000039',	'Hà Nội',	'PARENT',	CONVERT(b'0', UNSIGNED)),
(50,	'Nguyễn Văn A40',	'parent40@example.com',	NULL,	'0900000040',	'Hà Nội',	'PARENT',	CONVERT(b'0', UNSIGNED)),
(54,	'123',	'se182101trieuphuthinh@gmail.com',	NULL,	NULL,	NULL,	'PARENT',	CONVERT(b'1', UNSIGNED)),
(55,	'Thinh Trieu',	'thinhbo17032004@gmail.com',	NULL,	'9396661123',	'297 Chu Van An',	'PARENT',	CONVERT(b'1', UNSIGNED));

DROP TABLE IF EXISTS `vaccine_form`;
CREATE TABLE `vaccine_form` (
  `vaccine_form_id` int NOT NULL AUTO_INCREMENT,
  `vaccine_id` int DEFAULT NULL,
  `student_id` int DEFAULT NULL,
  `parent_id` int DEFAULT NULL,
  `form_date` date DEFAULT NULL,
  `note` varchar(255) DEFAULT NULL,
  `commit` tinyint(1) DEFAULT NULL,
  `status` varchar(10) DEFAULT 'draft',
  PRIMARY KEY (`vaccine_form_id`),
  KEY `vaccine_id` (`vaccine_id`),
  KEY `student_id` (`student_id`),
  KEY `parent_id` (`parent_id`),
  CONSTRAINT `vaccine_form_ibfk_1` FOREIGN KEY (`vaccine_id`) REFERENCES `vaccine_program` (`vaccine_id`) ON DELETE CASCADE,
  CONSTRAINT `vaccine_form_ibfk_2` FOREIGN KEY (`student_id`) REFERENCES `student` (`student_id`) ON DELETE CASCADE,
  CONSTRAINT `vaccine_form_ibfk_3` FOREIGN KEY (`parent_id`) REFERENCES `users` (`user_id`) ON DELETE CASCADE,
  CONSTRAINT `chk_vaccine_form_status` CHECK ((`status` in (_utf8mb4'DRAFT',_utf8mb4'SENT')))
) ENGINE=InnoDB DEFAULT CHARSET=utf8mb4 COLLATE=utf8mb4_0900_ai_ci;

INSERT INTO `vaccine_form` (`vaccine_form_id`, `vaccine_id`, `student_id`, `parent_id`, `form_date`, `note`, `commit`, `status`) VALUES
(301,	1,	209,	10,	'2025-06-19',	NULL,	1,	'SENT'),
(302,	1,	205,	1,	'2025-06-19',	'xxx',	0,	'SENT'),
(303,	2,	304,	11,	'2025-06-01',	'Đã điền đầy đủ thông tin',	1,	'SENT'),
(304,	2,	305,	12,	'2025-06-02',	'Chưa xác nhận',	0,	'DRAFT'),
(305,	2,	306,	13,	'2025-06-03',	'Sẽ gửi lại sau',	0,	'DRAFT'),
(306,	2,	307,	14,	'2025-06-04',	'Đã xác nhận tham gia',	1,	'SENT'),
(307,	2,	308,	15,	'2025-06-05',	'Mẹ đã ký tên',	1,	'SENT'),
(308,	2,	309,	16,	'2025-06-06',	'Đợi y tá kiểm tra lại',	0,	'DRAFT'),
(309,	2,	310,	17,	'2025-06-07',	'Yêu cầu thêm thông tin',	0,	'DRAFT'),
(310,	2,	311,	18,	'2025-06-08',	'Đã gửi bản cứng',	1,	'SENT'),
(311,	2,	312,	19,	'2025-06-09',	'Đã ký tên và xác nhận',	1,	'SENT'),
(312,	2,	313,	20,	'2025-06-10',	'Chờ phản hồi từ trường',	0,	'DRAFT'),
(313,	2,	314,	21,	'2025-06-11',	'Hỏi lại phụ huynh',	0,	'DRAFT'),
(314,	2,	315,	22,	'2025-06-12',	'Đã đồng ý tham gia',	1,	'SENT'),
(315,	2,	316,	23,	'2025-06-13',	'Chưa gửi bản gốc',	0,	'DRAFT'),
(316,	2,	317,	24,	'2025-06-14',	'Phụ huynh yêu cầu kiểm tra thêm',	0,	'DRAFT'),
(317,	2,	318,	25,	'2025-06-15',	'Sẽ xác nhận trước hạn',	1,	'SENT'),
(318,	2,	319,	26,	'2025-06-16',	'Không tham gia đợt này',	0,	'DRAFT'),
(319,	2,	320,	27,	'2025-06-17',	'Đã đăng ký online',	1,	'SENT'),
(320,	2,	321,	28,	'2025-06-18',	'Đang xem xét',	0,	'DRAFT'),
(321,	2,	322,	29,	'2025-06-19',	'Chờ ngày tiêm',	1,	'SENT'),
(322,	2,	323,	30,	'2025-06-20',	'Bé có lịch đi xa',	0,	'DRAFT'),
(323,	2,	324,	31,	'2025-06-21',	'Tham gia đầy đủ',	1,	'SENT'),
(324,	2,	325,	32,	'2025-06-22',	'Không rõ loại vaccine',	0,	'DRAFT'),
(325,	2,	326,	33,	'2025-06-23',	'Cần giải thích thêm',	0,	'DRAFT'),
(326,	2,	327,	34,	'2025-06-24',	'Xác nhận qua Zalo',	1,	'SENT'),
(327,	2,	328,	35,	'2025-06-25',	'Đồng ý tham gia',	1,	'SENT'),
(328,	2,	329,	36,	'2025-06-26',	'Chưa rõ thời gian tiêm',	0,	'DRAFT'),
(329,	2,	330,	37,	'2025-06-27',	'Có tiền sử dị ứng',	0,	'DRAFT'),
(330,	2,	331,	38,	'2025-06-28',	'Đã ký giấy xác nhận',	1,	'SENT'),
(331,	2,	332,	39,	'2025-06-29',	'Đang xử lý',	0,	'DRAFT'),
(332,	2,	333,	40,	'2025-06-30',	'Đã gửi lại đơn chính thức',	1,	'SENT'),
(333,	2,	334,	41,	'2025-07-01',	'Đã xác nhận',	1,	'SENT'),
(334,	2,	335,	42,	'2025-07-02',	'Chưa nhận được giấy mời',	0,	'DRAFT'),
(335,	2,	336,	43,	'2025-07-03',	'Tham gia qua đăng ký trực tuyến',	1,	'SENT'),
(336,	2,	337,	44,	'2025-07-04',	'Cần hỏi lại bác sĩ gia đình',	0,	'DRAFT'),
(337,	2,	338,	45,	'2025-07-05',	'Đã gửi mẫu xác nhận',	1,	'SENT'),
(338,	2,	339,	46,	'2025-07-06',	'Không đồng ý tiêm',	0,	'DRAFT'),
(339,	2,	340,	47,	'2025-07-07',	'Mong sắp xếp lịch phù hợp',	0,	'DRAFT'),
(340,	2,	341,	48,	'2025-07-08',	'Đã liên hệ y tế',	1,	'SENT'),
(341,	2,	342,	49,	'2025-07-09',	'Gửi nhầm mã số học sinh',	0,	'DRAFT');

DROP TABLE IF EXISTS `vaccine_history`;
CREATE TABLE `vaccine_history` (
  `vaccine_history_id` int NOT NULL AUTO_INCREMENT,
  `vaccine_name` varchar(50) DEFAULT NULL,
  `note` varchar(255) DEFAULT NULL,
  `record_id` int DEFAULT NULL,
  `vaccine_id` int DEFAULT NULL,
  PRIMARY KEY (`vaccine_history_id`),
  KEY `record_id` (`record_id`),
  KEY `fk_vaccine_history_vaccine_program` (`vaccine_id`),
  CONSTRAINT `fk_vaccine_history_vaccine_program` FOREIGN KEY (`vaccine_id`) REFERENCES `vaccine_program` (`vaccine_id`) ON DELETE CASCADE ON UPDATE RESTRICT,
  CONSTRAINT `vaccine_history_ibfk_1` FOREIGN KEY (`record_id`) REFERENCES `medical_record` (`record_id`) ON DELETE CASCADE,
  CONSTRAINT `chk_vaccine_name` CHECK (((`vaccine_name` in (_utf8mb4'HEPATITIS_A',_utf8mb4'HEPATITIS_B',_utf8mb4'INFLUENZA',_utf8mb4'CHICKENPOX',_utf8mb4'JAPANESE_ENCEPHALITIS',_utf8mb4'POLIO',_utf8mb4'DIPHTHERIA',_utf8mb4'PERTUSSIS',_utf8mb4'TETANUS_HEPATITIS_B',_utf8mb4'HIB',_utf8mb4'HPV')) or (`vaccine_name` is null)))
) ENGINE=InnoDB DEFAULT CHARSET=utf8mb4 COLLATE=utf8mb4_0900_ai_ci;

INSERT INTO `vaccine_history` (`vaccine_history_id`, `vaccine_name`, `note`, `record_id`, `vaccine_id`) VALUES
(1,	'HEPATITIS_A',	'First dose',	10,	NULL),
(2,	'HEPATITIS_B',	'Birth dose',	11,	NULL),
(3,	'INFLUENZA',	'Seasonal',	12,	NULL),
(4,	'CHICKENPOX',	'Initial shot',	13,	NULL),
(5,	'JAPANESE_ENCEPHALITIS',	'Booster shot',	14,	NULL),
(6,	'POLIO',	'Oral vaccine',	15,	NULL),
(7,	'DIPHTHERIA',	'DTP combo',	16,	NULL),
(8,	'PERTUSSIS',	'DTP combo',	17,	NULL),
(9,	'TETANUS_HEPATITIS_B',	'Combo vaccine',	18,	NULL),
(10,	'HIB',	'Pediatric dose',	19,	NULL),
(11,	'HPV',	'Teen vaccine',	20,	NULL),
(12,	'HEPATITIS_B',	'2nd dose',	21,	NULL),
(13,	'INFLUENZA',	'Winter',	22,	NULL),
(14,	'CHICKENPOX',	'Follow-up',	23,	NULL),
(15,	'HEPATITIS_A',	'Before travel',	24,	NULL),
(16,	'JAPANESE_ENCEPHALITIS',	'2nd booster',	25,	NULL),
(17,	'POLIO',	'IPV vaccine',	26,	NULL),
(18,	'DIPHTHERIA',	'Preschool',	27,	NULL),
(19,	'PERTUSSIS',	'Booster',	28,	NULL),
(20,	'TETANUS_HEPATITIS_B',	'Work requirement',	29,	NULL),
(21,	'HIB',	'Routine',	30,	NULL),
(22,	'HEPATITIS_B',	'Follow-up',	31,	NULL),
(23,	'INFLUENZA',	'Campaign',	32,	NULL),
(24,	'CHICKENPOX',	'Optional',	33,	NULL),
(25,	'HEPATITIS_A',	'Childhood',	34,	NULL),
(26,	'JAPANESE_ENCEPHALITIS',	'High risk',	35,	NULL),
(27,	'POLIO',	'Campaign dose',	36,	NULL),
(28,	'DIPHTHERIA',	'Emergency shot',	37,	NULL),
(29,	'PERTUSSIS',	'Teen booster',	38,	NULL),
(30,	'TETANUS_HEPATITIS_B',	'6-in-1',	39,	NULL),
(31,	'HPV',	'9-14 years',	40,	NULL),
(32,	'HEPATITIS_B',	'Extra dose',	41,	NULL),
(33,	'INFLUENZA',	'Pregnancy',	42,	NULL),
(34,	'CHICKENPOX',	'School entry',	43,	NULL),
(35,	'HIB',	'Preschool',	44,	NULL),
(36,	'POLIO',	'School requirement',	45,	NULL),
(37,	'DIPHTHERIA',	'Td booster',	46,	NULL),
(38,	'TETANUS_HEPATITIS_B',	'Primary school',	47,	NULL),
(39,	'HEPATITIS_A',	'Food handlers',	48,	NULL),
(40,	'HPV',	'Catch-up',	49,	NULL),
(63,	'HEPATITIS_A',	'Tiêm lúc 2 tháng tuổi',	52,	NULL),
(64,	'HPV',	'Tiêm lúc 9 tuổi',	52,	NULL);

DROP TABLE IF EXISTS `vaccine_program`;
CREATE TABLE `vaccine_program` (
  `vaccine_id` int NOT NULL AUTO_INCREMENT,
  `vaccine_name` varchar(100) DEFAULT NULL,
  `manufacture` varchar(255) CHARACTER SET utf8mb4 COLLATE utf8mb4_0900_ai_ci DEFAULT NULL,
  `description` varchar(255) DEFAULT NULL,
  `vaccine_date` date DEFAULT NULL,
  `status` varchar(50) CHARACTER SET utf8mb4 COLLATE utf8mb4_0900_ai_ci DEFAULT 'NOT_STARTED',
  `note` varchar(255) CHARACTER SET utf8mb4 COLLATE utf8mb4_0900_ai_ci DEFAULT NULL,
  `admin_id` int DEFAULT NULL,
  PRIMARY KEY (`vaccine_id`),
  KEY `admin_id` (`admin_id`),
  CONSTRAINT `vaccine_program_ibfk_1` FOREIGN KEY (`admin_id`) REFERENCES `users` (`user_id`) ON DELETE CASCADE,
  CONSTRAINT `chk_vaccine_status` CHECK ((`status` in (_utf8mb4'ON_GOING',_utf8mb4'COMPLETED',_utf8mb4'NOT_STARTED')))
) ENGINE=InnoDB DEFAULT CHARSET=utf8mb4 COLLATE=utf8mb4_0900_ai_ci;

INSERT INTO `vaccine_program` (`vaccine_id`, `vaccine_name`, `manufacture`, `description`, `vaccine_date`, `status`, `note`, `admin_id`) VALUES
(1,	'Hepatitis B',	NULL,	'Protects against Hepatitis B virus',	'2025-07-01',	'COMPLETED',	'Administered at birth',	10),
(2,	'Covid 19',	NULL,	NULL,	'2025-09-01',	'NOT_STARTED',	NULL,	10);

DROP TABLE IF EXISTS `vaccine_result`;
CREATE TABLE `vaccine_result` (
  `vaccine_result_id` int NOT NULL AUTO_INCREMENT,
  `status_health` varchar(255) DEFAULT NULL,
  `result_note` varchar(255) DEFAULT NULL,
  `reaction` varchar(255) DEFAULT NULL,
  `created_at` datetime DEFAULT CURRENT_TIMESTAMP,
  `vaccine_form_id` int DEFAULT NULL,
  PRIMARY KEY (`vaccine_result_id`),
  KEY `vaccine_form_id` (`vaccine_form_id`),
  CONSTRAINT `vaccine_result_ibfk_1` FOREIGN KEY (`vaccine_form_id`) REFERENCES `vaccine_form` (`vaccine_form_id`) ON DELETE CASCADE
) ENGINE=InnoDB DEFAULT CHARSET=utf8mb4 COLLATE=utf8mb4_0900_ai_ci;

INSERT INTO `vaccine_result` (`vaccine_result_id`, `status_health`, `result_note`, `reaction`, `created_at`, `vaccine_form_id`) VALUES
(2,	'Tốt',	'Cần theo dõi thêm',	'Không có biểu hiện xấu',	'2025-06-21 03:39:07',	301),
(3,	'Tốt',	'Không có biểu hiện bất thường',	'Không phản ứng',	'2025-06-23 14:51:39',	303),
(4,	'Bình thường',	'Theo dõi thêm 24h',	'Sốt nhẹ',	'2025-06-23 14:51:39',	304),
(5,	'Tốt',	'Phản ứng nhẹ, không đáng lo',	'Đỏ tại chỗ tiêm',	'2025-06-23 14:51:39',	305),
(6,	'Tốt',	'Không có phản ứng phụ',	'Không phản ứng',	'2025-06-23 14:51:39',	306),
(7,	'Khá',	'Theo dõi thêm',	'Sưng nhẹ',	'2025-06-23 14:51:39',	307),
(8,	'Bình thường',	'Phản ứng nhẹ sau 2h',	'Ngủ nhiều hơn',	'2025-06-23 14:51:39',	308),
(9,	'Tốt',	'Không có biểu hiện gì',	'Không phản ứng',	'2025-06-23 14:51:39',	309),
(10,	'Bình thường',	'Mệt mỏi trong ngày đầu',	'Sốt nhẹ',	'2025-06-23 14:51:39',	310),
(11,	'Tốt',	'Phản ứng nhẹ và đã hết',	'Đỏ nhẹ',	'2025-06-23 14:51:39',	311),
(12,	'Tốt',	'Trạng thái tốt sau tiêm',	'Không phản ứng',	'2025-06-23 14:51:39',	312),
(13,	'Khá',	'Theo dõi thêm',	'Chán ăn nhẹ',	'2025-06-23 14:51:39',	313),
(14,	'Bình thường',	'Không sốt nhưng hơi mệt',	'Buồn ngủ',	'2025-06-23 14:51:39',	314),
(15,	'Tốt',	'Không có biểu hiện gì',	'Không phản ứng',	'2025-06-23 14:51:39',	315),
(16,	'Tốt',	'Bé vui chơi bình thường',	'Không phản ứng',	'2025-06-23 14:51:39',	316),
(17,	'Bình thường',	'Hơi sốt trong buổi chiều',	'Sốt nhẹ',	'2025-06-23 14:51:39',	317),
(18,	'Tốt',	'Tiêm xong không có phản ứng',	'Không phản ứng',	'2025-06-23 14:51:39',	318),
(19,	'Tốt',	'Sức khỏe ổn định sau tiêm',	'Không phản ứng',	'2025-06-23 14:51:39',	319),
(20,	'Bình thường',	'Theo dõi tại nhà 1 ngày',	'Sưng nhẹ',	'2025-06-23 14:51:39',	320),
(21,	'Tốt',	'Không có biểu hiện bất thường',	'Không phản ứng',	'2025-06-23 14:51:39',	321),
(22,	'Khá',	'Khóc nhiều sau tiêm',	'Khó chịu nhẹ',	'2025-06-23 14:51:39',	322),
(23,	'Tốt',	'Trạng thái tốt',	'Không phản ứng',	'2025-06-23 14:51:39',	323),
(24,	'Tốt',	'Không phản ứng gì cả',	'Không phản ứng',	'2025-06-23 14:51:39',	324),
(25,	'Bình thường',	'Mệt nhẹ vào buổi tối',	'Mệt mỏi',	'2025-06-23 14:51:39',	325),
(26,	'Tốt',	'Không có dấu hiệu sốt',	'Không phản ứng',	'2025-06-23 14:51:39',	326),
(27,	'Tốt',	'Bé ăn uống bình thường',	'Không phản ứng',	'2025-06-23 14:51:39',	327),
(28,	'Bình thường',	'Sốt nhẹ, đã ổn',	'Sốt nhẹ',	'2025-06-23 14:51:39',	328),
(29,	'Tốt',	'Không bị sưng đau',	'Không phản ứng',	'2025-06-23 14:51:39',	329),
(30,	'Tốt',	'Không phát hiện phản ứng phụ',	'Không phản ứng',	'2025-06-23 14:51:39',	330),
(31,	'Bình thường',	'Cần theo dõi thêm',	'Đau nhẹ',	'2025-06-23 14:51:39',	331),
(32,	'Tốt',	'Không phản ứng',	'Không phản ứng',	'2025-06-23 14:51:39',	332),
(33,	'Tốt',	'Bé khỏe mạnh sau tiêm',	'Không phản ứng',	'2025-06-23 14:51:39',	333),
(34,	'Tốt',	'Không có phản ứng phụ',	'Không phản ứng',	'2025-06-23 14:51:39',	334),
(35,	'Khá',	'Đỏ tại vị trí tiêm',	'Đỏ nhẹ',	'2025-06-23 14:51:39',	335),
(36,	'Tốt',	'Ổn định',	'Không phản ứng',	'2025-06-23 14:51:39',	336),
(37,	'Tốt',	'Không có biểu hiện gì bất thường',	'Không phản ứng',	'2025-06-23 14:51:39',	337),
(38,	'Bình thường',	'Có phản ứng nhẹ',	'Sưng nhẹ',	'2025-06-23 14:51:39',	338),
(39,	'Tốt',	'Không có dấu hiệu gì',	'Không phản ứng',	'2025-06-23 14:51:39',	339),
(40,	'Tốt',	'Không sốt, chơi bình thường',	'Không phản ứng',	'2025-06-23 14:51:39',	340),
(41,	'Bình thường',	'Theo dõi tại nhà',	'Sốt nhẹ',	'2025-06-23 14:51:39',	341);

-- 2025-07-01 15:45:36 UTC
